name_home,pp_home,gs_home,pe_home,name_away,pp_away,gs_away,pe_away,match_date
ARS,72.9,1,1,AVL,27.1,1,1,19/08/2006
BOL,37.8,2,3,TOT,62.2,0,0,19/08/2006
EVE,47,2,3,WAT,53,1,0,19/08/2006
NEW,55.3,2,3,WIG,44.7,1,0,19/08/2006
POR,44.3,3,3,BLB,55.7,0,0,19/08/2006
RDG,52.1,3,3,MID,47.9,2,0,19/08/2006
SHU,41.9,1,1,LIV,58.1,1,1,19/08/2006
WHU,62.4,3,3,CHA,37.6,1,0,19/08/2006
CHE,58.1,3,3,MCI,41.9,0,0,20/08/2006
MUN,65,5,3,FUL,35,1,0,20/08/2006
TOT,56.1,2,3,SHU,43.9,0,0,22/08/2006
WAT,52.5,1,1,WHU,47.5,1,1,22/08/2006
AVL,56.7,2,3,RDG,43.3,1,0,23/08/2006
BLB,47.9,1,1,EVE,52.1,1,1,23/08/2006
CHA,40.7,0,0,MUN,59.3,3,3,23/08/2006
FUL,61.1,1,1,BOL,38.9,1,1,23/08/2006
MCI,53.9,0,1,POR,46.1,0,1,23/08/2006
MID,46.4,2,3,CHE,53.6,1,0,23/08/2006
CHA,42.9,2,3,BOL,57.1,0,0,26/08/2006
FUL,61,1,3,SHU,39,0,0,26/08/2006
LIV,54.7,2,3,WHU,45.3,1,0,26/08/2006
MCI,37.8,1,3,ARS,62.2,0,0,26/08/2006
TOT,56.3,0,0,EVE,43.7,2,3,26/08/2006
WAT,40.5,1,0,MUN,59.5,2,3,26/08/2006
WIG,48.1,1,3,RDG,51.9,0,0,26/08/2006
AVL,45.2,2,3,NEW,54.8,0,0,27/08/2006
BLB,47.8,0,0,CHE,52.2,2,3,27/08/2006
MID,64.2,0,0,POR,35.8,4,3,28/08/2006
ARS,69.2,1,1,MID,30.8,1,1,09/09/2006
BOL,53.8,1,3,WAT,46.2,0,0,09/09/2006
CHE,53.2,2,3,CHA,46.8,1,0,09/09/2006
EVE,43.2,3,3,LIV,56.8,0,0,09/09/2006
MUN,53.5,1,3,TOT,46.5,0,0,09/09/2006
NEW,60.2,1,0,FUL,39.8,2,3,09/09/2006
POR,49.3,1,3,WIG,50.7,0,0,09/09/2006
SHU,40.3,0,1,BLB,59.7,0,1,09/09/2006
WHU,52,1,1,AVL,48,1,1,10/09/2006
RDG,40.5,1,3,MCI,59.5,0,0,11/09/2006
BOL,55.8,0,1,MID,44.2,0,1,16/09/2006
CHA,53.1,0,0,POR,46.9,1,3,16/09/2006
EVE,60.2,2,1,WIG,39.8,2,1,16/09/2006
SHU,52.5,1,0,RDG,47.5,2,3,16/09/2006
WAT,47.6,0,1,AVL,52.4,0,1,16/09/2006
BLB,53.6,4,3,MCI,46.4,2,0,17/09/2006
CHE,54.2,1,3,LIV,45.8,0,0,17/09/2006
MUN,49.4,0,0,ARS,50.6,1,3,17/09/2006
TOT,65.5,0,1,FUL,34.5,0,1,17/09/2006
WHU,52.4,0,0,NEW,47.6,2,3,17/09/2006
LIV,54.8,2,3,NEW,45.2,0,0,20/09/2006
ARS,62.3,3,3,SHU,37.7,0,0,23/09/2006
AVL,57.7,2,3,CHA,42.3,0,0,23/09/2006
FUL,35.5,0,0,CHE,64.5,2,3,23/09/2006
LIV,57.6,3,3,TOT,42.4,0,0,23/09/2006
MCI,47,2,3,WHU,53,0,0,23/09/2006
MID,46.2,0,0,BLB,53.8,1,3,23/09/2006
RDG,29.9,1,1,MUN,70.1,1,1,23/09/2006
WIG,51.2,1,1,WAT,48.8,1,1,23/09/2006
NEW,51,1,1,EVE,49,1,1,24/09/2006
POR,57.7,0,0,BOL,42.3,1,3,25/09/2006
BOL,40.8,2,3,LIV,59.2,0,0,30/09/2006
CHA,34,1,0,ARS,66,2,3,30/09/2006
CHE,34,1,1,AVL,66,1,1,30/09/2006
EVE,52.1,1,1,MCI,47.9,1,1,30/09/2006
SHU,49.8,2,3,MID,50.2,1,0,30/09/2006
BLB,58,2,3,WIG,42,1,0,01/10/2006
MUN,66.4,2,3,NEW,33.6,0,0,01/10/2006
TOT,45.9,2,3,POR,54.1,1,0,01/10/2006
WHU,58.1,0,0,RDG,41.9,1,3,01/10/2006
WAT,44.4,3,1,FUL,55.6,3,1,02/10/2006
ARS,62,3,3,WAT,38,0,0,14/10/2006
AVL,54.1,1,1,TOT,45.9,1,1,14/10/2006
LIV,60.7,1,1,BLB,39.3,1,1,14/10/2006
MCI,57.5,0,1,SHU,42.5,0,1,14/10/2006
MID,57.5,2,3,EVE,42.5,1,0,14/10/2006
POR,42.7,2,3,WHU,57.3,0,0,14/10/2006
RDG,46.2,0,0,CHE,53.8,1,3,14/10/2006
WIG,39.3,1,0,MUN,60.7,3,3,14/10/2006
NEW,55.7,1,0,BOL,44.3,2,3,15/10/2006
FUL,53.1,2,3,CHA,46.9,1,0,16/10/2006
AVL,57,1,1,FUL,43,1,1,21/10/2006
CHA,54.9,0,1,WAT,45.1,0,1,21/10/2006
CHE,51.1,2,3,POR,48.9,1,0,21/10/2006
EVE,51.3,2,3,SHU,48.7,0,0,21/10/2006
WIG,47.9,4,3,MCI,52.1,0,0,21/10/2006
BLB,64.6,0,0,BOL,35.4,1,3,22/10/2006
MUN,56.1,2,3,LIV,43.9,0,0,22/10/2006
MID,55.2,1,3,NEW,44.8,0,0,22/10/2006
RDG,40.3,0,0,ARS,59.7,4,3,22/10/2006
TOT,55,1,3,WHU,45,0,0,22/10/2006
ARS,71.5,1,1,EVE,28.5,1,1,28/10/2006
BOL,71.5,0,0,MUN,28.5,4,3,28/10/2006
FUL,48.6,0,0,WIG,51.4,1,3,28/10/2006
LIV,70.9,3,3,AVL,29.1,1,0,28/10/2006
NEW,56.1,0,1,CHA,43.9,0,1,28/10/2006
POR,56.1,3,3,RDG,43.9,1,0,28/10/2006
SHU,42.9,0,0,CHE,57.1,2,3,28/10/2006
WAT,44,0,1,TOT,56,0,1,28/10/2006
WHU,46.3,2,3,BLB,53.7,1,0,29/10/2006
MCI,50.4,1,3,MID,49.6,0,0,30/10/2006
BOL,57.3,0,0,WIG,42.7,1,3,04/11/2006
CHA,48.8,1,3,MCI,51.2,0,0,04/11/2006
FUL,48,1,3,EVE,52,0,0,04/11/2006
LIV,68,2,3,RDG,32,0,0,04/11/2006
MUN,67.9,3,3,POR,32.1,0,0,04/11/2006
NEW,53.9,0,0,SHU,46.1,1,3,04/11/2006
WAT,46.7,2,3,MID,53.3,0,0,04/11/2006
AVL,40.4,2,3,BLB,59.6,0,0,05/11/2006
TOT,40.8,2,3,CHE,59.2,1,0,05/11/2006
WHU,46.8,1,3,ARS,53.2,0,0,05/11/2006
BLB,45.9,0,0,MUN,54.1,1,3,11/11/2006
CHE,62.5,4,3,WAT,37.5,0,0,11/11/2006
EVE,51.6,0,0,AVL,48.4,1,3,11/11/2006
MCI,46.4,0,1,NEW,53.6,0,1,11/11/2006
MID,43,1,3,WHU,57,0,0,11/11/2006
POR,56.2,1,1,FUL,43.8,1,1,11/11/2006
SHU,51,2,1,BOL,49,2,1,11/11/2006
WIG,36,3,3,CHA,64,2,0,11/11/2006
ARS,50.6,3,3,LIV,49.4,0,0,12/11/2006
RDG,44.3,3,3,TOT,55.7,1,0,12/11/2006
ARS,61.7,1,1,NEW,38.3,1,1,18/11/2006
CHE,56.5,1,3,WHU,43.5,0,0,18/11/2006
EVE,48.9,1,3,BOL,51.1,0,0,18/11/2006
MCI,50.2,3,3,FUL,49.8,1,0,18/11/2006
MID,38,0,1,LIV,62,0,1,18/11/2006
POR,64.2,2,3,WAT,35.8,1,0,18/11/2006
RDG,47,2,3,CHA,53,0,0,18/11/2006
SHU,28.3,1,0,MUN,71.7,2,3,18/11/2006
BLB,56.1,1,1,TOT,43.9,1,1,19/11/2006
WIG,54.5,0,1,AVL,45.5,0,1,19/11/2006
AVL,57,1,1,MID,43,1,1,25/11/2006
BOL,40.3,3,3,ARS,59.7,1,0,25/11/2006
CHA,53.4,1,1,EVE,46.6,1,1,25/11/2006
FUL,55.8,0,0,RDG,44.2,1,3,25/11/2006
LIV,68.2,1,3,MCI,31.8,0,0,25/11/2006
WHU,56.3,1,3,SHU,43.7,0,0,25/11/2006
MUN,42.3,1,1,CHE,57.7,1,1,26/11/2006
NEW,56.1,1,3,POR,43.9,0,0,26/11/2006
TOT,53,3,3,WIG,47,1,0,26/11/2006
WAT,53.1,0,0,SHU,46.9,1,3,28/11/2006
AVL,50.6,1,0,MCI,49.4,3,3,29/11/2006
BOL,46,0,0,CHE,54,1,3,29/11/2006
FUL,42,2,3,ARS,58,1,0,29/11/2006
LIV,65.7,0,1,POR,34.3,0,1,29/11/2006
MUN,65.7,3,3,EVE,34.3,0,0,29/11/2006
ARS,56.3,3,3,TOT,43.7,0,0,02/12/2006
BLB,52.3,2,3,FUL,47.7,0,0,02/12/2006
MID,43.7,1,0,MUN,56.3,2,3,02/12/2006
POR,54,2,1,AVL,46,2,1,02/12/2006
RDG,51.9,1,3,BOL,48.1,0,0,02/12/2006
SHU,54,2,3,CHA,46,1,0,02/12/2006
WIG,39.6,0,0,LIV,60.4,4,3,02/12/2006
EVE,43.2,2,3,WHU,56.8,0,0,03/12/2006
MCI,51.4,0,1,WAT,48.6,0,1,04/12/2006
CHA,46.1,1,3,BLB,53.9,0,0,05/12/2006
TOT,51.6,2,3,MID,48.4,1,0,05/12/2006
NEW,55.3,3,3,RDG,44.7,2,0,06/12/2006
WHU,56,0,0,WIG,44,2,3,06/12/2006
BLB,49.2,1,0,NEW,50.8,3,3,09/12/2006
BOL,45.1,4,3,WHU,54.9,0,0,09/12/2006
LIV,60,4,3,FUL,40,0,0,09/12/2006
MUN,53.5,3,3,MCI,46.5,1,0,09/12/2006
MID,59.7,1,1,WIG,40.3,1,1,09/12/2006
POR,55.3,2,3,EVE,44.7,0,0,09/12/2006
TOT,55.3,5,3,CHA,44.7,1,0,09/12/2006
WAT,54.1,0,1,RDG,45.9,0,1,09/12/2006
CHE,54.1,1,1,ARS,45.9,1,1,09/12/2006
SHU,54,2,1,AVL,46,2,1,11/12/2006
CHE,59.5,1,3,NEW,40.5,0,0,13/12/2006
WIG,44.7,0,0,ARS,55.3,1,3,13/12/2006
ARS,56.8,2,1,POR,43.2,2,1,16/12/2006
AVL,58,0,0,BOL,42,1,3,16/12/2006
CHA,49.7,0,0,LIV,50.3,3,3,16/12/2006
NEW,59.9,2,3,WAT,40.1,1,0,16/12/2006
RDG,48.8,1,0,BLB,51.2,2,3,16/12/2006
WIG,53.3,0,0,SHU,46.7,1,3,16/12/2006
EVE,40,2,0,CHE,60,3,3,17/12/2006
MCI,56.7,1,0,TOT,43.3,2,3,17/12/2006
WHU,39.2,1,3,MUN,60.8,0,0,17/12/2006
FUL,48.6,2,3,MID,51.4,1,0,18/12/2006
ARS,53.9,6,3,BLB,46.1,2,0,23/12/2006
AVL,37.2,0,0,MUN,62.8,3,3,23/12/2006
FUL,47.4,0,1,WHU,52.6,0,1,23/12/2006
LIV,57.7,2,3,WAT,42.3,0,0,23/12/2006
MCI,48.4,0,0,BOL,51.6,2,3,23/12/2006
MID,54.1,2,3,CHA,45.9,0,0,23/12/2006
NEW,45.3,3,3,TOT,54.7,1,0,23/12/2006
POR,47.3,3,3,SHU,52.7,1,0,23/12/2006
RDG,50.3,0,0,EVE,49.7,2,3,23/12/2006
WIG,46.2,2,0,CHE,53.8,3,3,23/12/2006
BLB,48,1,3,LIV,52,0,0,26/12/2006
BOL,58.6,2,3,NEW,41.4,1,0,26/12/2006
CHE,63.4,2,1,RDG,36.6,2,1,26/12/2006
EVE,57.5,0,1,MID,42.5,0,1,26/12/2006
MUN,66.3,3,3,WIG,33.7,1,0,26/12/2006
SHU,54.1,0,0,MCI,45.9,1,3,26/12/2006
TOT,54.1,2,3,AVL,45.9,1,0,26/12/2006
WAT,54.1,1,0,ARS,45.9,2,3,26/12/2006
WHU,58.6,1,0,POR,41.4,2,3,26/12/2006
CHA,48.7,2,1,FUL,51.3,2,1,27/12/2006
BLB,53.3,2,3,MID,46.7,1,0,30/12/2006
BOL,53.3,3,3,POR,46.7,2,0,30/12/2006
CHA,54.6,2,3,AVL,45.4,1,0,30/12/2006
CHE,57.2,2,1,FUL,42.8,2,1,30/12/2006
EVE,38.5,3,3,NEW,61.5,0,0,30/12/2006
MUN,66.4,3,3,RDG,33.6,2,0,30/12/2006
SHU,35.9,1,3,ARS,64.1,0,0,30/12/2006
TOT,48.8,0,0,LIV,51.2,1,3,30/12/2006
WHU,65.6,0,0,MCI,34.4,1,3,30/12/2006
FUL,47.3,0,1,WAT,52.7,0,1,01/01/2007
LIV,58.2,3,3,BOL,41.8,0,0,01/01/2007
MCI,47.8,2,3,EVE,52.2,1,0,01/01/2007
MID,46.3,3,3,SHU,53.7,1,0,01/01/2007
NEW,43.8,2,1,MUN,56.2,2,1,01/01/2007
POR,51.5,1,1,TOT,48.5,1,1,01/01/2007
RDG,51.1,6,3,WHU,48.9,0,0,01/01/2007
WIG,48.3,0,0,BLB,51.7,3,3,01/01/2007
ARS,66.8,4,3,CHA,33.2,0,0,02/01/2007
AVL,43.7,0,1,CHE,56.3,0,1,02/01/2007
BLB,58.3,0,0,ARS,41.7,2,3,13/01/2007
BOL,63.8,0,1,MCI,36.2,0,1,13/01/2007
CHA,58,1,0,MID,42,3,3,13/01/2007
CHE,56.1,4,3,WIG,43.9,0,0,13/01/2007
MUN,66.9,3,3,AVL,33.1,1,0,13/01/2007
SHU,42,1,1,POR,58,1,1,13/01/2007
WAT,39.5,0,0,LIV,60.5,3,3,13/01/2007
WHU,50.2,3,1,FUL,49.8,3,1,13/01/2007
EVE,54.4,1,1,RDG,45.6,1,1,14/01/2007
TOT,50.7,2,0,NEW,49.3,3,3,14/01/2007
AVL,56.6,2,3,WAT,43.4,0,0,20/01/2007
FUL,40.8,1,1,TOT,59.2,1,1,20/01/2007
LIV,45.5,2,3,CHE,54.5,0,0,20/01/2007
MCI,50.2,0,0,BLB,49.8,3,3,20/01/2007
MID,44.6,5,3,BOL,55.4,1,0,20/01/2007
NEW,61.3,2,1,WHU,38.7,2,1,20/01/2007
POR,52.4,0,0,CHA,47.6,1,3,20/01/2007
RDG,64.2,3,3,SHU,35.8,1,0,20/01/2007
ARS,50.2,2,3,MUN,49.8,1,0,21/01/2007
WIG,51.7,0,0,EVE,48.3,2,3,21/01/2007
WAT,51.7,2,3,BLB,48.3,1,0,21/01/2007
POR,59,0,1,MID,41,0,1,30/01/2007
RDG,38.4,3,3,WIG,61.6,2,0,30/01/2007
SHU,49.2,2,3,FUL,50.8,0,0,30/01/2007
WHU,48.5,1,0,LIV,51.5,2,3,30/01/2007
BOL,63.8,1,1,CHA,36.2,1,1,31/01/2007
CHE,48.7,3,3,BLB,51.3,0,0,31/01/2007
MUN,67.2,4,3,WAT,32.8,0,0,31/01/2007
NEW,49.4,3,3,AVL,50.6,1,0,31/01/2007
AVL,52.3,1,3,WHU,47.7,0,0,03/02/2007
BLB,70.3,2,3,SHU,29.7,1,0,03/02/2007
CHA,41.6,0,0,CHE,58.4,1,3,03/02/2007
FUL,50.7,2,3,NEW,49.3,1,0,03/02/2007
LIV,62.8,0,1,EVE,37.2,0,1,03/02/2007
MCI,61.2,0,0,RDG,38.8,2,3,03/02/2007
MID,44.3,1,1,ARS,55.7,1,1,03/02/2007
WAT,50.6,0,0,BOL,49.4,1,3,03/02/2007
WIG,53.3,1,3,POR,46.7,0,0,03/02/2007
TOT,46.6,0,0,MUN,53.4,4,3,04/02/2007
CHE,46.6,3,3,MID,53.4,0,0,04/02/2007
EVE,51.2,1,3,BLB,48.8,0,0,10/02/2007
MUN,70.3,2,3,CHA,29.7,0,0,10/02/2007
NEW,70.3,2,3,LIV,29.7,1,0,10/02/2007
POR,50.2,2,3,MCI,49.8,1,0,10/02/2007
RDG,50.1,2,3,AVL,49.9,0,0,10/02/2007
SHU,48.3,2,3,TOT,51.7,1,0,10/02/2007
WHU,61.3,0,0,WAT,38.7,1,3,10/02/2007
ARS,63.8,2,3,WIG,36.2,1,0,11/02/2007
BOL,47.6,2,3,FUL,52.4,1,0,11/02/2007
EVE,45.2,1,0,TOT,54.8,2,3,21/02/2007
WAT,45.2,1,1,WIG,54.8,1,1,21/02/2007
CHA,48.4,4,3,WHU,51.6,0,0,24/02/2007
FUL,43.7,1,0,MUN,56.3,2,3,24/02/2007
LIV,65.2,4,3,SHU,34.8,0,0,24/02/2007
MID,51.5,2,3,RDG,48.5,1,0,24/02/2007
WAT,55,0,0,EVE,45,3,3,24/02/2007
BLB,47.9,3,3,POR,52.1,0,0,25/02/2007
TOT,44.3,4,3,BOL,55.7,1,0,25/02/2007
WIG,49.4,1,3,NEW,50.6,0,0,25/02/2007
ARS,66.6,2,3,RDG,33.4,1,0,03/03/2007
FUL,53.5,1,1,AVL,46.5,1,1,03/03/2007
LIV,53.5,0,0,MUN,46.5,1,3,03/03/2007
MCI,57.9,0,0,WIG,42.1,1,3,03/03/2007
NEW,63.1,0,1,MID,36.9,0,1,03/03/2007
POR,43.4,0,0,CHE,56.6,2,3,03/03/2007
SHU,51.1,1,1,EVE,48.9,1,1,03/03/2007
WAT,49.8,2,1,CHA,50.2,2,1,03/03/2007
BOL,57.3,1,0,BLB,42.7,2,3,04/03/2007
WHU,51.6,3,0,TOT,48.4,4,3,04/03/2007
AVL,42.3,0,0,ARS,57.7,1,3,14/03/2007
MCI,50.3,0,0,CHE,49.7,1,3,14/03/2007
BLB,53.2,1,0,WHU,46.8,2,3,17/03/2007
CHE,67.3,3,3,SHU,32.7,0,0,17/03/2007
MUN,50.2,4,3,BOL,49.8,1,0,17/03/2007
MID,48.6,0,0,MCI,51.4,2,3,17/03/2007
RDG,47.7,0,1,POR,52.3,0,1,17/03/2007
TOT,62.3,3,3,WAT,37.7,1,0,17/03/2007
WIG,51.1,0,1,FUL,48.9,0,1,17/03/2007
AVL,40.3,0,1,LIV,59.7,0,1,18/03/2007
CHA,35.5,2,3,NEW,64.5,0,0,18/03/2007
EVE,43.2,1,3,ARS,56.8,0,0,18/03/2007
BOL,58,1,3,SHU,42,0,0,31/03/2007
CHA,54.2,1,3,WIG,45.8,0,0,31/03/2007
FUL,56.1,1,1,POR,43.9,1,1,31/03/2007
LIV,45.3,4,3,ARS,54.7,1,0,31/03/2007
MUN,63,4,3,BLB,37,1,0,31/03/2007
NEW,61.3,0,0,MCI,38.7,1,3,31/03/2007
WAT,33.9,0,0,CHE,66.1,1,3,31/03/2007
WHU,53,2,3,MID,47,0,0,31/03/2007
TOT,56.9,1,3,RDG,43.1,0,0,01/04/2007
AVL,57.5,1,1,EVE,42.5,1,1,02/04/2007
EVE,44,4,3,FUL,56,1,0,06/04/2007
MCI,51.4,0,1,CHA,48.6,0,1,06/04/2007
ARS,62.4,0,0,WHU,37.6,1,3,07/04/2007
BLB,58.2,1,0,AVL,41.8,2,3,07/04/2007
CHE,54.7,1,3,TOT,45.3,0,0,07/04/2007
MID,56.9,4,3,WAT,43.1,1,0,07/04/2007
POR,43.2,2,3,MUN,56.8,1,0,07/04/2007
RDG,48.8,1,0,LIV,51.2,2,3,07/04/2007
SHU,53.7,1,0,NEW,46.3,2,3,07/04/2007
WIG,51.1,1,0,BOL,48.9,3,3,07/04/2007
AVL,67.1,1,1,WIG,32.9,1,1,09/04/2007
BOL,54.2,1,1,EVE,45.8,1,1,09/04/2007
CHA,54.2,0,1,RDG,45.8,0,1,09/04/2007
FUL,62,1,0,MCI,38,3,3,09/04/2007
NEW,47,0,1,ARS,53,0,1,09/04/2007
WAT,47,4,3,POR,53,2,0,09/04/2007
ARS,65,2,3,BOL,35,1,0,14/04/2007
MCI,36.8,0,1,LIV,63.2,0,1,14/04/2007
MID,50.3,1,0,AVL,49.7,3,3,14/04/2007
POR,49.4,2,3,NEW,50.6,1,0,14/04/2007
RDG,48.7,1,3,FUL,51.3,0,0,14/04/2007
SHU,51.3,3,3,WHU,48.7,0,0,14/04/2007
EVE,61.6,2,3,CHA,38.4,1,0,15/04/2007
WIG,49.6,3,1,TOT,50.4,3,1,15/04/2007
ARS,65.1,3,3,MCI,34.9,1,0,17/04/2007
MUN,65.1,2,3,SHU,34.9,0,0,17/04/2007
BLB,48.4,3,3,WAT,51.6,1,0,18/04/2007
LIV,64.7,2,3,MID,35.3,0,0,18/04/2007
WHU,43.3,1,0,CHE,56.7,4,3,18/04/2007
BOL,56.9,1,0,RDG,43.1,3,3,21/04/2007
CHA,54.7,1,1,SHU,45.3,1,1,21/04/2007
FUL,46.8,1,1,BLB,53.2,1,1,21/04/2007
LIV,67.2,2,3,WIG,32.8,0,0,21/04/2007
MUN,55.8,1,1,MID,44.2,1,1,21/04/2007
TOT,40,2,1,ARS,60,2,1,21/04/2007
WAT,54.4,1,1,MCI,45.6,1,1,21/04/2007
WHU,49.4,1,3,EVE,50.6,0,0,21/04/2007
AVL,52.3,0,1,POR,47.7,0,1,22/04/2007
NEW,48.2,0,1,CHE,51.8,0,1,22/04/2007
BLB,51.6,4,3,CHA,48.4,1,0,28/04/2007
CHE,63.4,2,1,BOL,36.6,2,1,28/04/2007
EVE,37.6,2,0,MUN,62.4,4,3,28/04/2007
MCI,54.8,0,0,AVL,45.2,2,3,28/04/2007
MID,48.4,2,0,TOT,51.6,3,3,28/04/2007
POR,38,2,3,LIV,62,1,0,28/04/2007
SHU,51.3,1,3,WAT,48.7,0,0,28/04/2007
WIG,55.4,0,0,WHU,44.6,3,3,28/04/2007
ARS,57.5,3,3,FUL,42.5,1,0,29/04/2007
RDG,39.6,1,3,NEW,60.4,0,0,30/04/2007
AVL,59,3,3,SHU,41,0,0,05/05/2007
EVE,50,3,3,POR,50,0,0,05/05/2007
FUL,38.2,1,3,LIV,61.8,0,0,05/05/2007
MCI,40.3,0,0,MUN,59.7,1,3,05/05/2007
NEW,61.4,0,0,BLB,38.6,2,3,05/05/2007
RDG,55.3,0,0,WAT,44.7,2,3,05/05/2007
WHU,48.4,3,3,BOL,51.6,1,0,05/05/2007
WIG,48.4,0,0,MID,51.6,1,3,05/05/2007
ARS,48.4,1,1,CHE,51.6,1,1,05/05/2007
CHA,49.4,0,0,TOT,50.6,2,3,07/05/2007
CHE,59.7,0,1,MUN,40.3,0,1,09/05/2007
TOT,58.8,1,1,BLB,41.2,1,1,10/05/2007
BLB,54,3,1,RDG,46,3,1,13/05/2007
BOL,47.1,2,1,AVL,52.9,2,1,13/05/2007
CHE,59.3,1,1,EVE,40.7,1,1,13/05/2007
LIV,61.6,2,1,CHA,38.4,2,1,13/05/2007
MUN,65.3,0,0,WHU,34.7,1,3,13/05/2007
MID,56.9,3,3,FUL,43.1,1,0,13/05/2007
POR,36.5,0,1,ARS,63.5,0,1,13/05/2007
SHU,58.1,1,0,WIG,41.9,2,3,13/05/2007
TOT,50.2,2,3,MCI,49.8,1,0,13/05/2007
WAT,40.3,1,1,NEW,59.7,1,1,13/05/2007
AVL,51.3,1,0,LIV,48.7,2,3,11/08/2007
BOL,61.7,1,0,NEW,38.3,3,3,11/08/2007
DER,53.9,2,1,POR,46.1,2,1,11/08/2007
EVE,40.8,2,3,WIG,59.2,1,0,11/08/2007
MID,58,1,0,BLB,42,2,3,11/08/2007
SUN,48.9,1,3,TOT,51.1,0,0,11/08/2007
WHU,60.9,0,0,MCI,39.1,2,3,11/08/2007
ARS,66.3,2,3,FUL,33.7,1,0,12/08/2007
CHE,58.2,3,3,BIR,41.8,2,0,12/08/2007
MUN,73.2,0,1,RDG,26.8,0,1,12/08/2007
TOT,65.9,1,0,EVE,34.1,3,3,14/08/2007
BIR,43.1,2,1,SUN,56.9,2,1,15/08/2007
FUL,56.9,2,3,BOL,43.1,1,0,15/08/2007
MCI,54.7,1,3,DER,45.3,0,0,15/08/2007
POR,54.7,1,1,MUN,45.3,1,1,15/08/2007
RDG,39.8,1,0,CHE,60.2,2,3,15/08/2007
WIG,48.7,1,3,MID,51.3,0,0,15/08/2007
BIR,52.7,0,0,WHU,47.3,1,3,18/08/2007
FUL,52.7,1,0,MID,47.3,2,3,18/08/2007
NEW,56.1,0,1,AVL,43.9,0,1,18/08/2007
POR,45.7,3,3,BOL,54.3,1,0,18/08/2007
RDG,48.8,1,3,EVE,51.2,0,0,18/08/2007
TOT,55,4,3,DER,45,0,0,18/08/2007
WIG,39.7,3,3,SUN,60.3,0,0,18/08/2007
BLB,39.7,1,1,ARS,60.3,1,1,18/08/2007
LIV,39.7,1,1,CHE,60.3,1,1,18/08/2007
MCI,39.5,1,3,MUN,60.5,0,0,19/08/2007
ARS,61.9,1,3,MCI,38.1,0,0,25/08/2007
AVL,57.6,2,3,FUL,42.4,1,0,25/08/2007
BOL,49.4,3,3,RDG,50.6,0,0,25/08/2007
CHE,62.4,1,3,POR,37.6,0,0,25/08/2007
DER,59.5,1,0,BIR,40.5,2,3,25/08/2007
EVE,52.3,1,1,BLB,47.7,1,1,25/08/2007
SUN,51.4,0,0,LIV,48.6,2,3,25/08/2007
WHU,60.2,1,1,WIG,39.8,1,1,25/08/2007
MUN,57.5,1,3,TOT,42.5,0,0,26/08/2007
MID,56.2,2,1,NEW,43.8,2,1,26/08/2007
BOL,42.9,1,0,EVE,57.1,2,3,01/09/2007
FUL,51.2,3,1,TOT,48.8,3,1,01/09/2007
LIV,66.2,6,3,DER,33.8,0,0,01/09/2007
MUN,62.5,1,3,SUN,37.5,0,0,01/09/2007
MID,45.3,2,3,BIR,54.7,0,0,01/09/2007
NEW,63.1,1,3,WIG,36.9,0,0,01/09/2007
RDG,53.6,0,0,WHU,46.4,3,3,01/09/2007
ARS,52.3,3,3,POR,47.7,1,0,02/09/2007
AVL,32,2,3,CHE,68,0,0,02/09/2007
BLB,40.2,1,3,MCI,59.8,0,0,02/09/2007
BIR,52.6,1,3,BOL,47.4,0,0,15/09/2007
CHE,57.9,0,1,BLB,42.1,0,1,15/09/2007
EVE,39.6,0,0,MUN,60.4,1,3,15/09/2007
POR,39.6,0,1,LIV,60.4,0,1,15/09/2007
SUN,49.7,2,3,RDG,50.3,1,0,15/09/2007
TOT,44.6,1,0,ARS,55.4,3,3,15/09/2007
WHU,45.3,3,3,MID,54.7,0,0,15/09/2007
WIG,53.5,1,1,FUL,46.5,1,1,15/09/2007
MCI,53.9,1,3,AVL,46.1,0,0,16/09/2007
DER,46.3,1,3,NEW,53.7,0,0,17/09/2007
ARS,62,5,3,DER,38,0,0,22/09/2007
FUL,37.2,3,1,MCI,62.8,3,1,22/09/2007
LIV,70,0,1,BIR,30,0,1,22/09/2007
MID,54.2,2,1,SUN,45.8,2,1,22/09/2007
RDG,46.1,2,3,WIG,53.9,1,0,22/09/2007
AVL,43.2,2,3,EVE,56.8,0,0,23/09/2007
BLB,43.2,0,0,POR,56.8,1,3,23/09/2007
BOL,38.6,1,1,TOT,61.4,1,1,23/09/2007
MUN,54.4,2,3,CHE,45.6,0,0,23/09/2007
NEW,48.8,3,3,WHU,51.2,1,0,23/09/2007
BIR,48.8,0,0,MUN,51.2,1,3,23/09/2007
CHE,66.9,0,1,FUL,33.1,0,1,29/09/2007
DER,50.1,1,1,BOL,49.9,1,1,29/09/2007
MCI,52.3,3,3,NEW,47.7,1,0,29/09/2007
POR,60.9,7,3,RDG,39.1,4,0,29/09/2007
SUN,49.9,1,0,BLB,50.1,2,3,29/09/2007
WHU,44.4,0,0,ARS,55.6,1,3,29/09/2007
WIG,53.1,0,0,LIV,46.9,1,3,29/09/2007
EVE,46.5,2,3,MID,53.5,0,0,30/09/2007
TOT,66.4,4,1,AVL,33.6,4,1,01/10/2007
AVL,39.9,1,3,WHU,60.1,0,0,06/10/2007
MUN,57.6,4,3,WIG,42.4,0,0,06/10/2007
ARS,59.9,3,3,SUN,40.1,2,0,07/10/2007
BLB,53.9,2,3,BIR,46.1,1,0,07/10/2007
BOL,44.4,0,0,CHE,55.6,1,3,07/10/2007
FUL,47.8,0,0,POR,52.2,2,3,07/10/2007
LIV,49.4,2,1,TOT,50.6,2,1,07/10/2007
MCI,49.4,3,3,MID,50.6,1,0,07/10/2007
NEW,53.7,3,3,EVE,46.3,2,0,07/10/2007
RDG,42.3,1,3,DER,57.7,0,0,07/10/2007
ARS,42.3,2,3,BOL,57.7,0,0,07/10/2007
AVL,31.5,1,0,MUN,68.5,4,3,20/10/2007
BLB,57.2,4,3,RDG,42.8,2,0,20/10/2007
EVE,40.2,1,0,LIV,59.8,2,3,20/10/2007
FUL,47.6,0,1,DER,52.4,0,1,20/10/2007
MCI,57.8,1,3,BIR,42.2,0,0,20/10/2007
MID,39.9,0,0,CHE,60.1,2,3,20/10/2007
WIG,50.2,0,0,POR,49.8,2,3,20/10/2007
WHU,53.3,3,3,SUN,46.7,1,0,21/10/2007
NEW,53.3,3,3,TOT,46.7,1,0,21/10/2007
BIR,49.1,3,3,WIG,50.9,2,0,27/10/2007
CHE,57.9,6,3,MCI,42.1,0,0,27/10/2007
MUN,59.3,4,3,MID,40.7,1,0,27/10/2007
POR,46.3,0,1,WHU,53.7,0,1,27/10/2007
RDG,46.9,2,3,NEW,53.1,1,0,27/10/2007
SUN,55.3,1,1,FUL,44.7,1,1,27/10/2007
BOL,49.3,1,1,AVL,50.7,1,1,28/10/2007
DER,55.7,0,0,EVE,44.3,2,3,28/10/2007
LIV,37.8,1,1,ARS,62.2,1,1,28/10/2007
TOT,49.9,1,0,BLB,50.1,2,3,28/10/2007
ARS,49.9,2,1,MUN,50.1,2,1,28/10/2007
AVL,49.9,2,3,DER,50.1,0,0,28/10/2007
BLB,47.2,0,1,LIV,52.8,0,1,03/11/2007
EVE,54.5,3,3,BIR,45.5,1,0,03/11/2007
FUL,42.6,3,3,RDG,57.4,1,0,03/11/2007
MID,44.9,1,1,TOT,55.1,1,1,03/11/2007
NEW,55.6,1,0,POR,44.4,4,3,03/11/2007
WIG,43.3,0,0,CHE,56.7,2,3,03/11/2007
WHU,49.1,1,1,BOL,50.9,1,1,04/11/2007
MCI,52.9,1,3,SUN,47.1,0,0,05/11/2007
DER,46.5,0,0,WHU,53.5,5,3,10/11/2007
LIV,66.6,2,3,FUL,33.4,0,0,10/11/2007
SUN,50.1,1,1,NEW,49.9,1,1,10/11/2007
BIR,52.5,1,0,AVL,47.5,2,3,11/11/2007
BOL,57.5,0,1,MID,42.5,0,1,11/11/2007
CHE,63.3,1,1,EVE,36.7,1,1,11/11/2007
MUN,57.3,2,3,BLB,42.7,0,0,11/11/2007
POR,46.6,0,1,MCI,53.4,0,1,11/11/2007
TOT,53.2,4,3,WIG,46.8,0,0,11/11/2007
RDG,53.2,1,0,ARS,46.8,3,3,11/11/2007
ARS,67.5,2,3,WIG,32.5,0,0,24/11/2007
BIR,46.1,0,0,POR,53.9,2,3,24/11/2007
BOL,40,1,3,MUN,60,0,0,24/11/2007
DER,35,0,0,CHE,65,2,3,24/11/2007
EVE,44.1,7,3,SUN,55.9,1,0,24/11/2007
MCI,44.1,2,3,RDG,55.9,1,0,24/11/2007
MID,57.6,0,0,AVL,42.4,3,3,24/11/2007
NEW,44,0,0,LIV,56,3,3,24/11/2007
FUL,44,2,1,BLB,56,2,1,24/11/2007
WHU,44,1,1,TOT,56,1,1,24/11/2007
BLB,59,0,0,AVL,41,4,3,28/11/2007
AVL,45.1,1,0,ARS,54.9,2,3,01/12/2007
BLB,52.4,3,3,NEW,47.6,1,0,01/12/2007
CHE,52.4,1,3,WHU,47.6,0,0,01/12/2007
POR,52.4,0,1,EVE,47.6,0,1,01/12/2007
RDG,48.8,1,1,MID,51.2,1,1,01/12/2007
SUN,47.3,1,3,DER,52.7,0,0,01/12/2007
WIG,37.9,1,1,MCI,62.1,1,1,01/12/2007
LIV,52.3,4,3,BOL,47.7,0,0,02/12/2007
TOT,59,2,0,BIR,41,3,3,02/12/2007
MUN,57.9,2,3,FUL,42.1,0,0,03/12/2007
NEW,47.3,1,1,ARS,52.7,1,1,05/12/2007
AVL,50.8,1,0,POR,49.2,3,3,08/12/2007
CHE,71.1,2,3,SUN,28.9,0,0,08/12/2007
EVE,50.7,3,3,FUL,49.3,0,0,08/12/2007
MUN,61.6,4,3,DER,38.4,1,0,08/12/2007
NEW,56.5,2,3,BIR,43.5,1,0,08/12/2007
RDG,56.5,3,3,LIV,43.5,1,0,08/12/2007
BLB,55.8,0,0,WHU,44.2,1,3,09/12/2007
BOL,47.6,4,3,WIG,52.4,1,0,09/12/2007
MID,40,2,3,ARS,60,1,0,09/12/2007
TOT,40,2,3,MCI,60,1,0,09/12/2007
BIR,55.4,1,1,RDG,44.6,1,1,15/12/2007
DER,55.4,0,0,MID,44.6,1,3,15/12/2007
FUL,54.1,0,0,NEW,45.9,1,3,15/12/2007
MCI,53.7,4,3,BOL,46.3,2,0,15/12/2007
POR,41,0,0,TOT,59,1,3,15/12/2007
SUN,41,1,1,AVL,59,1,1,15/12/2007
WHU,56.9,0,0,EVE,43.1,2,3,15/12/2007
WIG,47.1,5,3,BLB,52.9,3,0,15/12/2007
ARS,49.9,1,3,CHE,50.1,0,0,16/12/2007
LIV,56.6,0,0,MUN,43.4,1,3,16/12/2007
ARS,53.3,2,3,TOT,46.7,1,0,22/12/2007
AVL,52.3,1,1,MCI,47.7,1,1,22/12/2007
BOL,54.5,3,3,BIR,45.5,0,0,22/12/2007
FUL,55.5,1,1,WIG,44.5,1,1,22/12/2007
LIV,59.8,4,3,POR,40.2,1,0,22/12/2007
MID,45.7,1,0,WHU,54.3,2,3,22/12/2007
RDG,45.7,2,3,SUN,54.3,1,0,22/12/2007
BLB,47.1,0,0,CHE,52.9,1,3,23/12/2007
MUN,64.8,2,3,EVE,35.2,1,0,23/12/2007
NEW,58.8,2,1,DER,41.2,2,1,23/12/2007
BIR,41.6,3,3,MID,58.4,0,0,26/12/2007
CHE,73.2,4,1,AVL,26.8,4,1,26/12/2007
DER,38.7,1,0,LIV,61.3,2,3,26/12/2007
EVE,56.3,2,3,BOL,43.7,0,0,26/12/2007
POR,38.6,0,1,ARS,61.4,0,1,26/12/2007
SUN,42.3,0,0,MUN,57.7,4,3,26/12/2007
TOT,53.9,5,3,FUL,46.1,1,0,26/12/2007
WHU,62,1,1,RDG,38,1,1,26/12/2007
WIG,54,1,3,NEW,46,0,0,26/12/2007
MCI,53.5,2,1,BLB,46.5,2,1,27/12/2007
BIR,50,1,1,FUL,50,1,1,29/12/2007
CHE,55.7,2,3,NEW,44.3,1,0,29/12/2007
EVE,51.1,1,0,ARS,48.9,4,3,29/12/2007
POR,54.1,0,0,MID,45.9,1,3,29/12/2007
SUN,43.8,3,3,BOL,56.2,1,0,29/12/2007
TOT,43.8,6,3,RDG,56.2,4,0,29/12/2007
WHU,43.8,2,3,MUN,56.2,1,0,29/12/2007
WIG,53.4,1,0,AVL,46.6,2,3,29/12/2007
DER,48.3,1,0,BLB,51.7,2,3,30/12/2007
MCI,40.3,0,1,LIV,59.7,0,1,30/12/2007
ARS,55.6,2,3,WHU,44.4,0,0,01/01/2008
AVL,38.6,2,3,TOT,61.4,1,0,01/01/2008
FUL,44.1,1,0,CHE,55.9,2,3,01/01/2008
MUN,59.9,1,3,BIR,40.1,0,0,01/01/2008
MID,57,0,0,EVE,43,2,3,01/01/2008
RDG,38.7,0,0,POR,61.3,2,3,01/01/2008
BLB,57.8,1,3,SUN,42.2,0,0,02/01/2008
BOL,55.9,1,3,DER,44.1,0,0,02/01/2008
LIV,69.4,1,1,WIG,30.6,1,1,02/01/2008
NEW,52.8,0,0,MCI,47.2,2,3,02/01/2008
ARS,68.3,1,1,BIR,31.7,1,1,12/01/2008
AVL,48,3,3,RDG,52,1,0,12/01/2008
CHE,51.7,2,3,TOT,48.3,0,0,12/01/2008
DER,44.9,0,0,WIG,55.1,1,3,12/01/2008
EVE,43.7,1,3,MCI,56.3,0,0,12/01/2008
MUN,55.4,6,3,NEW,44.6,0,0,12/01/2008
MID,40.9,1,1,LIV,59.1,1,1,12/01/2008
WHU,55.1,2,3,FUL,44.9,1,0,12/01/2008
BOL,45.4,1,0,BLB,54.6,2,3,13/01/2008
SUN,45.4,2,3,POR,54.6,0,0,13/01/2008
BIR,30.4,0,0,CHE,69.6,1,3,19/01/2008
BLB,59.8,1,1,MID,40.2,1,1,19/01/2008
FUL,59.8,0,0,ARS,40.2,3,3,19/01/2008
NEW,58.3,0,1,BOL,41.7,0,1,19/01/2008
POR,57.3,3,3,DER,42.7,1,0,19/01/2008
RDG,44.2,0,0,MUN,55.8,2,3,19/01/2008
TOT,50.1,2,3,SUN,49.9,0,0,19/01/2008
MCI,47.6,1,1,WHU,52.4,1,1,20/01/2008
WIG,47.6,1,0,EVE,52.4,2,3,20/01/2008
LIV,65.2,2,1,AVL,34.8,2,1,21/01/2008
AVL,54,1,1,BLB,46,1,1,26/01/2008
ARS,57.7,3,3,NEW,42.3,0,0,29/01/2008
BOL,43.2,0,1,FUL,56.8,0,1,29/01/2008
MID,50.2,1,3,WIG,49.8,0,0,29/01/2008
SUN,53.3,2,3,BIR,46.7,0,0,29/01/2008
CHE,59.6,1,3,RDG,40.4,0,0,30/01/2008
DER,48.1,1,1,MCI,51.9,1,1,30/01/2008
EVE,46.1,0,1,TOT,53.9,0,1,30/01/2008
MUN,64.1,2,3,POR,35.9,0,0,30/01/2008
WHU,47.8,1,3,LIV,52.2,0,0,30/01/2008
BIR,51.7,1,1,DER,48.3,1,1,02/02/2008
BLB,55.3,0,1,EVE,44.7,0,1,02/02/2008
LIV,61.4,3,3,SUN,38.6,0,0,02/02/2008
MCI,38.6,1,0,ARS,61.4,3,3,02/02/2008
POR,41.1,1,1,CHE,58.9,1,1,02/02/2008
RDG,41.1,0,0,BOL,58.9,2,3,02/02/2008
TOT,39.4,1,1,MUN,60.6,1,1,02/02/2008
WIG,45.5,1,3,WHU,54.5,0,0,02/02/2008
FUL,55.9,2,3,AVL,44.1,1,0,03/02/2008
NEW,60.9,1,1,MID,39.1,1,1,03/02/2008
AVL,44.5,4,3,NEW,55.5,1,0,09/02/2008
BOL,52,0,0,POR,48,1,3,09/02/2008
DER,40.2,0,0,TOT,59.8,3,3,09/02/2008
EVE,50.2,1,3,RDG,49.8,0,0,09/02/2008
MID,35.6,1,3,FUL,64.4,0,0,09/02/2008
SUN,40.7,2,3,WIG,59.3,0,0,09/02/2008
WHU,64.8,1,1,BIR,35.2,1,1,09/02/2008
CHE,52.9,0,1,LIV,47.1,0,1,10/02/2008
MUN,60.8,1,0,MCI,39.2,2,3,10/02/2008
ARS,54.9,2,3,BLB,45.1,0,0,11/02/2008
BIR,30.5,2,1,ARS,69.5,2,1,23/02/2008
FUL,47.2,0,0,WHU,52.8,1,3,23/02/2008
LIV,47.2,3,3,MID,52.8,2,0,23/02/2008
NEW,49.4,1,0,MUN,50.6,5,3,23/02/2008
POR,53.7,1,3,SUN,46.3,0,0,23/02/2008
WIG,60.8,2,3,DER,39.2,0,0,23/02/2008
BLB,54.2,4,3,BOL,45.8,1,0,24/02/2008
RDG,54.2,1,0,AVL,45.8,2,3,24/02/2008
MCI,54.2,0,0,EVE,45.8,2,3,24/02/2008
ARS,68.1,1,1,AVL,31.9,1,1,01/03/2008
BIR,35.3,4,3,TOT,64.7,1,0,01/03/2008
DER,48.2,0,1,SUN,51.8,0,1,01/03/2008
FUL,51.2,0,0,MUN,48.8,3,3,01/03/2008
MCI,54.9,0,1,WIG,45.1,0,1,01/03/2008
MID,54.9,0,0,RDG,45.1,1,3,01/03/2008
NEW,47.5,0,0,BLB,52.5,1,3,01/03/2008
WHU,55.9,0,0,CHE,44.1,4,3,01/03/2008
BOL,45.1,1,0,LIV,54.9,3,3,02/03/2008
EVE,45.1,3,3,POR,54.9,1,0,02/03/2008
LIV,54.5,4,3,WHU,45.5,0,0,05/03/2008
BLB,58.6,1,1,FUL,41.4,1,1,08/03/2008
LIV,63,3,3,NEW,37,0,0,08/03/2008
RDG,63,2,3,MCI,37,0,0,08/03/2008
SUN,52.1,0,0,EVE,47.9,1,3,09/03/2008
TOT,55.4,4,3,WHU,44.6,0,0,09/03/2008
WIG,42.1,0,1,ARS,57.9,0,1,09/03/2008
AVL,54.7,1,1,MID,45.3,1,1,12/03/2008
CHE,71.5,6,3,DER,28.5,1,0,12/03/2008
POR,56.1,4,3,BIR,43.9,2,0,12/03/2008
ARS,74.3,1,1,MID,25.7,1,1,15/03/2008
DER,38.8,0,0,MUN,61.2,1,3,15/03/2008
LIV,60.6,2,3,RDG,39.4,1,0,15/03/2008
POR,49.5,2,3,AVL,50.5,0,0,15/03/2008
SUN,43.7,0,0,CHE,56.3,1,3,15/03/2008
WHU,51,2,3,BLB,49,1,0,15/03/2008
FUL,48.1,1,3,EVE,51.9,0,0,16/03/2008
MCI,47.3,2,3,TOT,52.7,1,0,16/03/2008
WIG,49.5,1,3,BOL,50.5,0,0,16/03/2008
BIR,39.5,1,1,NEW,60.5,1,1,17/03/2008
MUN,52.8,2,3,BOL,47.2,0,0,19/03/2008
TOT,50.3,4,1,CHE,49.7,4,1,19/03/2008
AVL,59.1,0,0,SUN,40.9,1,3,22/03/2008
BLB,56.6,3,3,WIG,43.4,1,0,22/03/2008
BOL,49.7,0,1,MCI,50.3,0,1,22/03/2008
EVE,48.8,1,1,WHU,51.2,1,1,22/03/2008
MID,46,1,3,DER,54,0,0,22/03/2008
NEW,50.7,2,3,FUL,49.3,0,0,22/03/2008
RDG,47.8,2,3,BIR,52.2,1,0,22/03/2008
TOT,54.2,2,3,POR,45.8,0,0,22/03/2008
CHE,52.5,2,3,ARS,47.5,1,0,23/03/2008
MUN,64.7,3,3,LIV,35.3,0,0,23/03/2008
BIR,33.7,3,3,MCI,66.3,1,0,29/03/2008
BOL,37.3,2,0,ARS,62.7,3,3,29/03/2008
DER,55.1,2,1,FUL,44.9,2,1,29/03/2008
MUN,55,4,3,AVL,45,0,0,29/03/2008
POR,51.8,2,3,WIG,48.2,0,0,29/03/2008
RDG,42.8,0,1,BLB,57.2,0,1,29/03/2008
SUN,52.3,2,3,WHU,47.7,1,0,29/03/2008
CHE,57.5,1,3,MID,42.5,0,0,30/03/2008
LIV,49.4,1,3,EVE,50.6,0,0,30/03/2008
TOT,48.5,1,0,NEW,51.5,4,3,30/03/2008
ARS,56.4,1,1,LIV,43.6,1,1,05/04/2008
AVL,52,4,3,BOL,48,0,0,05/04/2008
BLB,46.5,1,1,TOT,53.5,1,1,05/04/2008
FUL,56.5,1,0,SUN,43.5,3,3,05/04/2008
MCI,43.9,0,0,CHE,56.1,2,3,05/04/2008
NEW,62.6,3,3,RDG,37.4,0,0,05/04/2008
WIG,56.8,2,3,BIR,43.2,0,0,05/04/2008
EVE,51.9,1,3,DER,48.1,0,0,06/04/2008
MID,35.2,2,1,MUN,64.8,2,1,06/04/2008
WHU,53.2,0,0,POR,46.8,1,3,08/04/2008
BIR,43.3,1,1,EVE,56.7,1,1,12/04/2008
BOL,45.6,1,3,WHU,54.4,0,0,12/04/2008
DER,45.4,0,0,AVL,54.6,6,3,12/04/2008
POR,48.7,0,1,NEW,51.3,0,1,12/04/2008
RDG,48.1,0,0,FUL,51.9,2,3,12/04/2008
SUN,41.2,1,0,MCI,58.8,2,3,12/04/2008
TOT,48.2,1,1,MID,51.8,1,1,12/04/2008
LIV,54.4,3,3,BLB,45.6,1,0,13/04/2008
MUN,52.4,2,3,ARS,47.6,1,0,13/04/2008
CHE,60.4,1,1,WIG,39.6,1,1,14/04/2008
EVE,45.9,0,0,CHE,54.1,1,3,17/04/2008
ARS,71.3,2,3,RDG,28.7,0,0,19/04/2008
BLB,35,1,1,MUN,65,1,1,19/04/2008
FUL,49.1,0,0,LIV,50.9,2,3,19/04/2008
MID,59,0,0,BOL,41,1,3,19/04/2008
WHU,51.7,2,3,DER,48.3,1,0,19/04/2008
WIG,39.4,1,1,TOT,60.6,1,1,19/04/2008
AVL,50.7,5,3,BIR,49.3,1,0,20/04/2008
MCI,58.8,3,3,POR,41.2,1,0,20/04/2008
NEW,49.4,2,3,SUN,50.6,0,0,20/04/2008
BIR,32.6,2,1,LIV,67.4,2,1,26/04/2008
CHE,58.1,2,3,MUN,41.9,1,0,26/04/2008
MCI,48.2,2,0,FUL,51.8,3,3,26/04/2008
SUN,60.1,3,3,MID,39.9,2,0,26/04/2008
TOT,70.4,1,1,BOL,29.6,1,1,26/04/2008
WHU,52.3,2,1,NEW,47.7,2,1,26/04/2008
WIG,42.7,0,1,RDG,57.3,0,1,26/04/2008
EVE,50.4,2,1,AVL,49.6,2,1,27/04/2008
POR,46.8,0,0,BLB,53.2,1,3,27/04/2008
DER,37.4,2,0,ARS,62.6,6,3,28/04/2008
AVL,56.6,0,0,WIG,43.4,2,3,03/05/2008
BLB,58.7,3,3,DER,41.3,1,0,03/05/2008
BOL,47.1,2,3,SUN,52.9,0,0,03/05/2008
FUL,62.9,2,3,BIR,37.1,0,0,03/05/2008
MUN,49.8,4,3,WHU,50.2,1,0,03/05/2008
MID,46.7,2,3,POR,53.3,0,0,03/05/2008
RDG,45.4,0,0,TOT,54.6,1,3,03/05/2008
ARS,52.6,1,3,EVE,47.4,0,0,04/05/2008
LIV,53.1,1,3,MCI,46.9,0,0,04/05/2008
NEW,42.2,0,0,CHE,57.8,2,3,05/05/2008
BIR,47.3,4,3,BLB,52.7,1,0,11/05/2008
CHE,72.4,1,1,BOL,27.6,1,1,11/05/2008
DER,49.4,0,0,RDG,50.6,4,3,11/05/2008
EVE,54.1,3,3,NEW,45.9,1,0,11/05/2008
MID,51.5,8,3,MCI,48.5,1,0,11/05/2008
POR,48.1,0,0,FUL,51.9,1,3,11/05/2008
SUN,47.4,0,0,ARS,52.6,1,3,11/05/2008
TOT,49.9,0,0,LIV,50.1,2,3,11/05/2008
WHU,57.7,2,1,AVL,42.3,2,1,11/05/2008
WIG,37.6,0,0,MUN,62.4,2,3,11/05/2008
ARS,61.1,1,3,WBA,38.9,0,0,16/08/2008
BOL,55.4,3,3,STK,44.6,1,0,16/08/2008
EVE,50.1,2,0,BLB,49.9,3,3,16/08/2008
HUL,43.8,2,3,FUL,56.2,1,0,16/08/2008
MID,36,2,3,TOT,64,1,0,16/08/2008
SUN,41,0,0,LIV,59,1,3,16/08/2008
WHU,50.4,2,3,WIG,49.6,1,0,16/08/2008
AVL,41.4,4,3,MCI,58.6,2,0,17/08/2008
CHE,68.1,4,3,POR,31.9,0,0,17/08/2008
MUN,58.8,1,1,NEW,41.2,1,1,17/08/2008
BLB,61.6,1,1,HUL,38.4,1,1,23/08/2008
FUL,43.7,1,3,ARS,56.3,0,0,23/08/2008
LIV,61.1,2,3,MID,38.9,1,0,23/08/2008
NEW,63.5,1,3,BOL,36.5,0,0,23/08/2008
STK,41.1,3,3,AVL,58.9,2,0,23/08/2008
TOT,60.3,1,0,SUN,39.7,2,3,23/08/2008
WBA,62.6,1,0,EVE,37.4,2,3,23/08/2008
MCI,55.6,3,3,WHU,44.4,0,0,24/08/2008
WIG,41.3,0,0,CHE,58.7,1,3,24/08/2008
POR,37.1,0,0,MUN,62.9,1,3,25/08/2008
ARS,55.9,3,3,NEW,44.1,0,0,30/08/2008
BOL,46.2,0,1,WBA,53.8,0,1,30/08/2008
EVE,58.8,0,0,POR,41.2,3,3,30/08/2008
HUL,55.8,0,0,WIG,44.2,5,3,30/08/2008
MID,65.6,2,3,STK,34.4,1,0,30/08/2008
WHU,51.9,4,3,BLB,48.1,1,0,30/08/2008
AVL,43.9,0,1,LIV,56.1,0,1,31/08/2008
CHE,58.5,1,1,TOT,41.5,1,1,31/08/2008
SUN,49.4,0,0,MCI,50.6,3,3,31/08/2008
BLB,43.4,0,0,ARS,56.6,4,3,13/09/2008
FUL,63.7,2,3,BOL,36.3,1,0,13/09/2008
LIV,53.7,2,3,MUN,46.3,1,0,13/09/2008
MCI,44.7,1,0,CHE,55.3,3,3,13/09/2008
NEW,58.7,1,0,HUL,41.3,2,3,13/09/2008
POR,60.7,2,3,MID,39.3,1,0,13/09/2008
WBA,54.8,3,3,WHU,45.2,2,0,13/09/2008
WIG,56.2,1,1,SUN,43.8,1,1,13/09/2008
STK,42.6,2,0,EVE,57.4,3,3,14/09/2008
TOT,62.5,1,0,AVL,37.5,2,3,15/09/2008
BLB,51,1,3,FUL,49,0,0,20/09/2008
BOL,31.8,1,0,ARS,68.2,3,3,20/09/2008
LIV,74.6,0,1,STK,25.4,0,1,20/09/2008
SUN,50.5,2,3,MID,49.5,0,0,20/09/2008
WHU,48.9,3,3,NEW,51.1,1,0,20/09/2008
CHE,60,1,1,MUN,40,1,1,21/09/2008
HUL,40,2,1,EVE,60,2,1,21/09/2008
MCI,58.6,6,3,POR,41.4,0,0,21/09/2008
TOT,56.8,0,1,WIG,43.2,0,1,21/09/2008
WBA,61.9,1,0,AVL,38.1,2,3,21/09/2008
ARS,63.3,1,0,HUL,36.7,2,3,27/09/2008
AVL,44.3,2,3,SUN,55.7,1,0,27/09/2008
EVE,41.9,0,0,LIV,58.1,2,3,27/09/2008
FUL,47.4,1,0,WHU,52.6,2,3,27/09/2008
MUN,74.7,2,3,BOL,25.3,0,0,27/09/2008
MID,52.8,0,0,WBA,47.2,1,3,27/09/2008
NEW,50,1,0,BLB,50,2,3,27/09/2008
STK,31.7,0,0,CHE,68.3,2,3,27/09/2008
POR,35.6,2,3,TOT,64.4,0,0,28/09/2008
WIG,34.2,2,3,MCI,65.8,1,0,28/09/2008
BLB,39,0,0,MUN,61,2,3,04/10/2008
SUN,32.7,1,1,ARS,67.3,1,1,04/10/2008
WBA,38.6,1,3,FUL,61.4,0,0,04/10/2008
WIG,59.5,0,0,MID,40.5,1,3,04/10/2008
CHE,59.8,2,3,AVL,40.2,0,0,05/10/2008
EVE,53.2,2,1,NEW,46.8,2,1,05/10/2008
MCI,34.1,2,0,LIV,65.9,3,3,05/10/2008
POR,61.4,2,3,STK,38.6,1,0,05/10/2008
TOT,66.6,0,0,HUL,33.4,1,3,05/10/2008
WHU,64.3,1,0,BOL,35.7,3,3,05/10/2008
ARS,62.7,3,3,EVE,37.3,1,0,18/10/2008
AVL,52.4,0,1,POR,47.6,0,1,18/10/2008
BOL,43.4,0,1,BLB,56.6,0,1,18/10/2008
FUL,51,0,1,SUN,49,0,1,18/10/2008
LIV,64.3,3,3,WIG,35.7,2,0,18/10/2008
MUN,57.7,4,3,WBA,42.3,0,0,18/10/2008
MID,30.9,0,0,CHE,69.1,5,3,18/10/2008
HUL,40.7,1,3,WHU,59.3,0,0,19/10/2008
STK,45.5,2,3,TOT,54.5,1,0,19/10/2008
NEW,29.9,2,1,MCI,70.1,2,1,20/10/2008
BLB,63,1,1,MID,37,1,1,25/10/2008
EVE,40.5,1,1,MUN,59.5,1,1,25/10/2008
SUN,55.8,2,3,NEW,44.2,1,0,25/10/2008
WBA,58.9,0,0,HUL,41.1,3,3,25/10/2008
CHE,59.9,0,0,LIV,40.1,1,3,26/10/2008
MCI,57,3,3,STK,43,0,0,26/10/2008
POR,50.8,1,1,FUL,49.2,1,1,26/10/2008
TOT,64.2,2,3,BOL,35.8,0,0,26/10/2008
WHU,42.6,0,0,ARS,57.4,2,3,26/10/2008
WIG,58.3,0,0,AVL,41.7,4,3,26/10/2008
NEW,38.8,2,3,WBA,61.2,1,0,28/10/2008
ARS,63.5,4,1,TOT,36.5,4,1,29/10/2008
AVL,42.9,3,3,BLB,57.1,2,0,29/10/2008
BOL,45.2,0,0,EVE,54.8,1,3,29/10/2008
FUL,47.8,2,3,WIG,52.2,0,0,29/10/2008
HUL,42.5,0,0,CHE,57.5,3,3,29/10/2008
LIV,57.1,1,3,POR,42.9,0,0,29/10/2008
MUN,56.6,2,3,WHU,43.4,0,0,29/10/2008
MID,41.8,2,3,MCI,58.2,0,0,29/10/2008
STK,47.9,1,3,SUN,52.1,0,0,29/10/2008
CHE,69.8,5,3,SUN,30.2,0,0,01/11/2008
EVE,55,1,3,FUL,45,0,0,01/11/2008
MUN,53.3,4,3,HUL,46.7,3,0,01/11/2008
MID,50.3,1,1,WHU,49.7,1,1,01/11/2008
POR,56.2,1,0,WIG,43.8,2,3,01/11/2008
STK,28.1,2,3,ARS,71.9,1,0,01/11/2008
TOT,44.5,2,3,LIV,55.5,1,0,01/11/2008
WBA,65,2,1,BLB,35,2,1,01/11/2008
BOL,44.9,2,3,MCI,55.1,0,0,02/11/2008
NEW,54.7,2,3,AVL,45.3,0,0,03/11/2008
ARS,45.9,2,3,MUN,54.1,1,0,08/11/2008
HUL,53.3,0,0,BOL,46.7,1,3,08/11/2008
LIV,51.5,3,3,WBA,48.5,0,0,08/11/2008
SUN,51.9,1,0,POR,48.1,2,3,08/11/2008
WHU,57.2,1,0,EVE,42.8,3,3,08/11/2008
WIG,64.6,0,1,STK,35.4,0,1,08/11/2008
AVL,49.7,1,0,MID,50.3,2,3,09/11/2008
BLB,47.1,0,0,CHE,52.9,2,3,09/11/2008
FUL,46.5,2,3,NEW,53.5,1,0,09/11/2008
MCI,40.3,1,0,TOT,59.7,2,3,09/11/2008
ARS,67.5,0,0,AVL,32.5,2,3,15/11/2008
BLB,53.3,1,0,SUN,46.7,2,3,15/11/2008
BOL,41.7,0,0,LIV,58.3,2,3,15/11/2008
FUL,49.6,2,3,TOT,50.4,1,0,15/11/2008
MUN,67,5,3,STK,33,0,0,15/11/2008
NEW,63.2,2,1,WIG,36.8,2,1,15/11/2008
WBA,38.1,0,0,CHE,61.9,3,3,15/11/2008
WHU,53.3,0,1,POR,46.7,0,1,15/11/2008
EVE,65,1,1,MID,35,1,1,16/11/2008
HUL,51.3,2,1,MCI,48.7,2,1,16/11/2008
AVL,38.1,0,1,MUN,61.9,0,1,22/11/2008
CHE,69.4,0,1,NEW,30.6,0,1,22/11/2008
LIV,56.9,0,1,FUL,43.1,0,1,22/11/2008
MCI,34.7,3,3,ARS,65.3,0,0,22/11/2008
MID,69.2,1,0,BOL,30.8,3,3,22/11/2008
POR,51,2,1,HUL,49,2,1,22/11/2008
STK,44,1,3,WBA,56,0,0,22/11/2008
SUN,58.4,0,0,WHU,41.6,1,3,23/11/2008
TOT,60.8,1,3,BLB,39.2,0,0,23/11/2008
WIG,45.6,1,3,EVE,54.4,0,0,24/11/2008
AVL,48.1,0,1,FUL,51.9,0,1,29/11/2008
MID,47.4,0,1,NEW,52.6,0,1,29/11/2008
STK,47.9,1,1,HUL,52.1,1,1,29/11/2008
SUN,68.9,1,0,BOL,31.1,4,3,29/11/2008
WIG,40.6,2,3,WBA,59.4,1,0,29/11/2008
CHE,59.4,1,0,ARS,40.6,2,3,30/11/2008
MCI,45.6,0,0,MUN,54.4,1,3,30/11/2008
POR,51.9,3,3,BLB,48.1,2,0,30/11/2008
TOT,53.4,0,0,EVE,46.6,1,3,30/11/2008
LIV,66.8,0,1,WHU,33.2,0,1,01/12/2008
ARS,64.5,1,3,WIG,35.5,0,0,06/12/2008
BLB,38.4,1,0,LIV,61.6,3,3,06/12/2008
BOL,42.1,0,0,CHE,57.9,2,3,06/12/2008
FUL,56.8,1,1,MCI,43.2,1,1,06/12/2008
HUL,52.4,2,3,MID,47.6,1,0,06/12/2008
MUN,72.3,1,3,SUN,27.7,0,0,06/12/2008
NEW,55.2,2,1,STK,44.8,2,1,06/12/2008
EVE,60.5,2,0,AVL,39.5,3,3,07/12/2008
WBA,46,1,1,POR,54,1,1,07/12/2008
WHU,48.9,0,0,TOT,51.1,2,3,08/12/2008
AVL,54.3,4,3,BOL,45.7,2,0,13/12/2008
LIV,67.3,2,1,HUL,32.7,2,1,13/12/2008
MCI,53,0,0,EVE,47,1,3,13/12/2008
MID,41.9,1,1,ARS,58.1,1,1,13/12/2008
STK,33.4,0,1,FUL,66.6,0,1,13/12/2008
SUN,45.9,4,3,WBA,54.1,0,0,13/12/2008
TOT,33.6,0,1,MUN,66.4,0,1,13/12/2008
WIG,47,3,3,BLB,53,0,0,13/12/2008
CHE,59.3,1,1,WHU,40.7,1,1,14/12/2008
POR,53.8,0,0,NEW,46.2,3,3,14/12/2008
BLB,50.2,3,3,STK,49.8,0,0,20/12/2008
BOL,44.2,2,3,POR,55.8,1,0,20/12/2008
FUL,58.2,3,3,MID,41.8,0,0,20/12/2008
HUL,48.4,1,0,SUN,51.6,4,3,20/12/2008
WHU,64.9,0,0,AVL,35.1,1,3,20/12/2008
ARS,42.7,1,1,LIV,57.3,1,1,21/12/2008
NEW,55,2,3,TOT,45,1,0,21/12/2008
WBA,47.3,2,3,MCI,52.7,1,0,21/12/2008
EVE,48.2,0,1,CHE,51.8,0,1,22/12/2008
AVL,47.5,2,1,ARS,52.5,2,1,26/12/2008
CHE,63.5,2,3,WBA,36.5,0,0,26/12/2008
LIV,73.9,3,3,BOL,26.1,0,0,26/12/2008
MCI,49.8,5,3,HUL,50.2,1,0,26/12/2008
MID,46.3,0,0,EVE,53.7,1,3,26/12/2008
POR,58.9,1,0,WHU,41.1,4,3,26/12/2008
STK,26.4,0,0,MUN,73.6,1,3,26/12/2008
SUN,54.9,0,1,BLB,45.1,0,1,26/12/2008
TOT,57.5,0,1,FUL,42.5,0,1,26/12/2008
WIG,48.9,2,3,NEW,51.1,1,0,26/12/2008
ARS,59.3,1,3,POR,40.7,0,0,28/12/2008
BLB,48.5,2,1,MCI,51.5,2,1,28/12/2008
BOL,48.6,0,0,WIG,51.4,1,3,28/12/2008
EVE,57.6,3,3,SUN,42.4,0,0,28/12/2008
FUL,40.7,2,1,CHE,59.3,2,1,28/12/2008
NEW,40.7,1,0,LIV,59.3,5,3,28/12/2008
WBA,49.7,2,3,TOT,50.3,0,0,28/12/2008
WHU,65.9,2,3,STK,34.1,1,0,28/12/2008
MUN,62.1,1,3,MID,37.9,0,0,29/12/2008
HUL,45.2,0,0,AVL,54.8,1,3,30/12/2008
ARS,76,1,3,BOL,24,0,0,10/01/2009
AVL,47,2,3,WBA,53,1,0,10/01/2009
EVE,53,2,3,HUL,47,0,0,10/01/2009
MID,50.7,1,1,SUN,49.3,1,1,10/01/2009
NEW,53.9,2,1,WHU,46.1,2,1,10/01/2009
STK,34.1,0,1,LIV,65.9,0,1,10/01/2009
MUN,51.9,3,3,CHE,48.1,0,0,11/01/2009
WIG,51.4,1,3,TOT,48.6,0,0,11/01/2009
MUN,58,1,3,WIG,42,0,0,14/01/2009
BLB,46.6,3,3,NEW,53.4,0,0,17/01/2009
BOL,34.2,0,0,MUN,65.8,1,3,17/01/2009
CHE,70.3,2,3,STK,29.7,1,0,17/01/2009
HUL,38.9,1,0,ARS,61.1,3,3,17/01/2009
MCI,46.8,1,3,WIG,53.2,0,0,17/01/2009
SUN,49,1,0,AVL,51,2,3,17/01/2009
WBA,39.5,3,3,MID,60.5,0,0,17/01/2009
TOT,50.5,1,1,POR,49.5,1,1,18/01/2009
WHU,51.9,3,3,FUL,48.1,1,0,18/01/2009
LIV,53.8,1,1,EVE,46.2,1,1,19/01/2009
POR,65.3,0,0,AVL,34.7,1,3,27/01/2009
SUN,48.3,1,3,FUL,51.7,0,0,27/01/2009
TOT,64.1,3,3,STK,35.9,1,0,27/01/2009
WBA,38.2,0,0,MUN,61.8,5,3,27/01/2009
BLB,65.8,2,1,BOL,34.2,2,1,28/01/2009
CHE,66.6,2,3,MID,33.4,0,0,28/01/2009
EVE,51.9,1,1,ARS,48.1,1,1,28/01/2009
MCI,56,2,3,NEW,44,1,0,28/01/2009
WHU,50.3,2,3,HUL,49.7,0,0,28/01/2009
WIG,39.6,1,1,LIV,60.4,1,1,28/01/2009
ARS,63.7,0,1,WHU,36.3,0,1,31/01/2009
AVL,50.5,0,1,WIG,49.5,0,1,31/01/2009
BOL,48.5,3,3,TOT,51.5,2,0,31/01/2009
FUL,45.3,3,3,POR,54.7,1,0,31/01/2009
HUL,51.1,2,1,WBA,48.9,2,1,31/01/2009
MUN,56.1,1,3,EVE,43.9,0,0,31/01/2009
MID,45.1,0,1,BLB,54.9,0,1,31/01/2009
STK,27.2,1,3,MCI,72.8,0,0,31/01/2009
LIV,53.3,2,3,CHE,46.7,0,0,01/02/2009
NEW,54.4,1,1,SUN,45.6,1,1,01/02/2009
BLB,54.5,0,0,AVL,45.5,2,3,07/02/2009
CHE,63.9,0,1,HUL,36.1,0,1,07/02/2009
EVE,62.9,3,3,BOL,37.1,0,0,07/02/2009
MCI,59.3,1,3,MID,40.7,0,0,07/02/2009
POR,42.7,2,0,LIV,57.3,3,3,07/02/2009
SUN,62,2,3,STK,38,0,0,07/02/2009
WBA,52.8,2,0,NEW,47.2,3,3,07/02/2009
WIG,43.1,0,1,FUL,56.9,0,1,07/02/2009
TOT,56.5,0,1,ARS,43.5,0,1,08/02/2009
WHU,46,0,0,MUN,54,1,3,08/02/2009
POR,41,2,3,MCI,59,0,0,14/02/2009
MUN,61.5,3,3,FUL,38.5,0,0,18/02/2009
ARS,61.2,0,1,SUN,38.8,0,1,21/02/2009
AVL,40.9,0,0,CHE,59.1,1,3,21/02/2009
BOL,37.9,2,3,WHU,62.1,1,0,21/02/2009
MUN,63.7,2,3,BLB,36.3,1,0,21/02/2009
MID,57.2,0,1,WIG,42.8,0,1,21/02/2009
STK,37.5,2,1,POR,62.5,2,1,21/02/2009
FUL,57.5,2,3,WBA,42.5,0,0,22/02/2009
LIV,61.2,1,1,MCI,38.8,1,1,22/02/2009
NEW,45.4,0,1,EVE,54.6,0,1,22/02/2009
HUL,49,1,0,TOT,51,2,3,23/02/2009
ARS,49.1,0,1,FUL,50.9,0,1,28/02/2009
CHE,59.2,2,3,WIG,40.8,1,0,28/02/2009
EVE,52,2,3,WBA,48,0,0,28/02/2009
MID,29.4,2,3,LIV,70.6,0,0,28/02/2009
AVL,64.9,2,1,STK,35.1,2,1,01/03/2009
BOL,45.2,1,3,NEW,54.8,0,0,01/03/2009
HUL,52.6,1,0,BLB,47.4,2,3,01/03/2009
WHU,44.7,1,3,MCI,55.3,0,0,01/03/2009
LIV,62.6,2,3,SUN,37.4,0,0,03/03/2009
POR,42.4,0,0,CHE,57.6,1,3,03/03/2009
WBA,46.4,1,0,ARS,53.6,3,3,03/03/2009
BLB,49.9,0,1,EVE,50.1,0,1,04/03/2009
FUL,63.1,0,0,HUL,36.9,1,3,04/03/2009
MCI,46.7,2,3,AVL,53.3,0,0,04/03/2009
NEW,41,1,0,MUN,59,2,3,04/03/2009
STK,37.9,2,3,BOL,62.1,0,0,04/03/2009
TOT,50.3,4,3,MID,49.7,0,0,04/03/2009
WIG,53.3,0,0,WHU,46.7,1,3,04/03/2009
SUN,43.4,1,1,TOT,56.6,1,1,07/03/2009
FUL,52.9,1,0,BLB,47.1,2,3,11/03/2009
ARS,59.3,4,3,BLB,40.7,0,0,14/03/2009
BOL,45.3,1,0,FUL,54.7,3,3,14/03/2009
EVE,62.1,3,3,STK,37.9,1,0,14/03/2009
HUL,41.1,1,1,NEW,58.9,1,1,14/03/2009
MUN,55.1,1,0,LIV,44.9,4,3,14/03/2009
MID,51.9,1,1,POR,48.1,1,1,14/03/2009
SUN,57.9,1,0,WIG,42.1,2,3,14/03/2009
AVL,51.2,1,0,TOT,48.8,2,3,15/03/2009
CHE,54.3,1,3,MCI,45.7,0,0,15/03/2009
WHU,53.4,0,1,WBA,46.6,0,1,16/03/2009
BLB,52.7,1,1,WHU,47.3,1,1,21/03/2009
FUL,47.3,2,3,MUN,52.7,0,0,21/03/2009
NEW,45.1,1,0,ARS,54.9,3,3,21/03/2009
POR,48.8,2,3,EVE,51.2,1,0,21/03/2009
STK,37.3,1,3,MID,62.7,0,0,21/03/2009
TOT,40.3,1,3,CHE,59.7,0,0,21/03/2009
WBA,62.6,1,1,BOL,37.4,1,1,21/03/2009
LIV,60.5,5,3,AVL,39.5,0,0,22/03/2009
MCI,65.1,1,3,SUN,34.9,0,0,22/03/2009
WIG,49.7,1,3,HUL,50.3,0,0,22/03/2009
ARS,58.8,2,3,MCI,41.2,0,0,04/04/2009
BLB,45.4,2,3,TOT,54.6,1,0,04/04/2009
BOL,45.4,4,3,MID,54.6,1,0,04/04/2009
FUL,39.8,0,0,LIV,60.2,1,3,04/04/2009
HUL,52.5,0,1,POR,47.5,0,1,04/04/2009
NEW,41.5,0,0,CHE,58.5,2,3,04/04/2009
WBA,67.2,0,0,STK,32.8,2,3,04/04/2009
WHU,50.6,2,3,SUN,49.4,0,0,04/04/2009
EVE,56.1,4,3,WIG,43.9,0,0,05/04/2009
MUN,63.3,3,3,AVL,36.7,2,0,05/04/2009
CHE,69.8,4,3,BOL,30.2,3,0,11/04/2009
LIV,67.2,4,3,BLB,32.8,0,0,11/04/2009
MID,49.6,3,3,HUL,50.4,1,0,11/04/2009
POR,48.6,2,1,WBA,51.4,2,1,11/04/2009
STK,40,1,1,NEW,60,1,1,11/04/2009
SUN,35.6,1,0,MUN,64.4,2,3,11/04/2009
TOT,59,1,3,WHU,41,0,0,11/04/2009
WIG,40,1,0,ARS,60,4,3,11/04/2009
AVL,50.2,3,1,EVE,49.8,3,1,12/04/2009
MCI,52.4,1,0,FUL,47.6,3,3,12/04/2009
AVL,42.3,1,1,WHU,57.7,1,1,18/04/2009
MID,46.5,0,1,FUL,53.5,0,1,18/04/2009
POR,57.7,1,3,BOL,42.3,0,0,18/04/2009
STK,48.4,1,3,BLB,51.6,0,0,18/04/2009
SUN,55.2,1,3,HUL,44.8,0,0,18/04/2009
MCI,46.9,4,3,WBA,53.1,2,0,19/04/2009
TOT,53.1,1,3,NEW,46.9,0,0,19/04/2009
LIV,54.5,4,1,ARS,45.5,4,1,21/04/2009
CHE,59,0,1,EVE,41,0,1,22/04/2009
MUN,56.3,2,3,POR,43.7,0,0,22/04/2009
BOL,47,1,1,AVL,53,1,1,25/04/2009
EVE,57,1,0,MCI,43,2,3,25/04/2009
FUL,65.7,1,3,STK,34.3,0,0,25/04/2009
HUL,28.7,1,0,LIV,71.3,3,3,25/04/2009
MUN,58.4,5,3,TOT,41.6,2,0,25/04/2009
WBA,52.3,3,3,SUN,47.7,0,0,25/04/2009
WHU,36.3,0,0,CHE,63.7,1,3,25/04/2009
ARS,63.7,2,3,MID,36.3,0,0,26/04/2009
BLB,49.4,2,3,WIG,50.6,0,0,26/04/2009
NEW,51.7,0,1,POR,48.3,0,1,27/04/2009
CHE,59.3,3,3,FUL,40.7,1,0,02/05/2009
MCI,49.9,3,3,BLB,50.1,1,0,02/05/2009
MID,46.7,0,0,MUN,53.3,2,3,02/05/2009
POR,37.3,0,0,ARS,62.7,3,3,02/05/2009
STK,41.5,0,0,WHU,58.5,1,3,02/05/2009
TOT,53.5,1,3,WBA,46.5,0,0,02/05/2009
WIG,55.3,0,1,BOL,44.7,0,1,02/05/2009
LIV,59.6,3,3,NEW,40.4,0,0,03/05/2009
SUN,41.4,0,0,EVE,58.6,2,3,03/05/2009
AVL,52,1,3,HUL,48,0,0,04/05/2009
BLB,51.4,2,3,POR,48.6,0,0,09/05/2009
BOL,40.1,0,1,SUN,59.9,0,1,09/05/2009
EVE,51.6,0,1,TOT,48.4,0,1,09/05/2009
FUL,49.8,3,3,AVL,50.2,1,0,09/05/2009
HUL,62.1,1,0,STK,37.9,2,3,09/05/2009
WBA,54.9,3,3,WIG,45.1,1,0,09/05/2009
WHU,53.2,0,0,LIV,46.8,3,3,09/05/2009
ARS,50.5,1,0,CHE,49.5,4,3,10/05/2009
MUN,47.1,2,3,MCI,52.9,0,0,10/05/2009
NEW,52.4,3,3,MID,47.6,1,0,11/05/2009
WIG,33.5,1,0,MUN,66.5,2,3,13/05/2009
BOL,46.9,1,1,HUL,53.1,1,1,16/05/2009
EVE,65.6,3,3,WHU,34.4,1,0,16/05/2009
MUN,39.4,0,1,ARS,60.6,0,1,16/05/2009
MID,50.2,1,1,AVL,49.8,1,1,16/05/2009
NEW,52.5,0,0,FUL,47.5,1,3,16/05/2009
STK,47,2,3,WIG,53,0,0,16/05/2009
TOT,52.1,2,3,MCI,47.9,1,0,16/05/2009
CHE,58.5,2,3,BLB,41.5,0,0,17/05/2009
WBA,36.7,0,0,LIV,63.3,2,3,17/05/2009
POR,43.9,3,3,SUN,56.1,1,0,18/05/2009
ARS,70.8,4,3,STK,29.2,1,0,24/05/2009
AVL,52.8,1,3,NEW,47.2,0,0,24/05/2009
BLB,48.8,0,1,WBA,51.2,0,1,24/05/2009
FUL,50.4,0,0,EVE,49.6,2,3,24/05/2009
HUL,34.9,0,0,MUN,65.1,1,3,24/05/2009
LIV,53.4,3,3,TOT,46.6,1,0,24/05/2009
MCI,61.6,1,3,BOL,38.4,0,0,24/05/2009
SUN,37.1,2,0,CHE,62.9,3,3,24/05/2009
WHU,52.1,2,3,MID,47.9,1,0,24/05/2009
WIG,53.4,1,3,POR,46.6,0,0,24/05/2009
AVL,47,0,0,WIG,53,2,3,15/08/2009
BLB,43.5,0,0,MCI,56.5,2,3,15/08/2009
BOL,54.3,0,0,SUN,45.7,1,3,15/08/2009
CHE,67.6,2,3,HUL,32.4,1,0,15/08/2009
EVE,45.7,1,0,ARS,54.3,6,3,15/08/2009
POR,55.1,0,0,FUL,44.9,1,3,15/08/2009
STK,37.7,2,3,BUR,62.3,0,0,15/08/2009
WOL,48.6,0,0,WHU,51.4,2,3,15/08/2009
MUN,63,1,3,BIR,37,0,0,16/08/2009
TOT,47.5,2,3,LIV,52.5,1,0,16/08/2009
SUN,26.1,1,0,CHE,73.9,3,3,18/08/2009
WIG,64.2,0,0,WOL,35.8,1,3,18/08/2009
BIR,47.8,1,3,POR,52.2,0,0,19/08/2009
BUR,33.3,1,3,MUN,66.7,0,0,19/08/2009
HUL,41.8,1,0,TOT,58.2,5,3,19/08/2009
LIV,75.9,4,3,STK,24.1,0,0,19/08/2009
ARS,59.5,4,3,POR,40.5,1,0,22/08/2009
BIR,56.4,0,1,STK,43.6,0,1,22/08/2009
HUL,46.6,1,3,BOL,53.4,0,0,22/08/2009
MCI,56.4,1,3,WOL,43.6,0,0,22/08/2009
SUN,53.6,2,3,BLB,46.4,1,0,22/08/2009
WIG,48.2,0,0,MUN,51.8,5,3,22/08/2009
BUR,40.6,1,3,EVE,59.4,0,0,23/08/2009
FUL,39.7,0,0,CHE,60.3,2,3,23/08/2009
WHU,46.9,1,0,TOT,53.1,2,3,23/08/2009
LIV,67.4,1,0,AVL,32.6,3,3,24/08/2009
BLB,46.7,0,1,WHU,53.3,0,1,29/08/2009
BOL,22.2,2,0,LIV,77.8,3,3,29/08/2009
CHE,60,3,3,BUR,40,0,0,29/08/2009
MUN,51.1,2,3,ARS,48.9,1,0,29/08/2009
STK,45.3,1,3,SUN,54.7,0,0,29/08/2009
TOT,59.5,2,3,BIR,40.5,1,0,29/08/2009
WOL,54.5,1,1,HUL,45.5,1,1,29/08/2009
AVL,44.1,2,3,FUL,55.9,0,0,30/08/2009
EVE,56.1,2,3,WIG,43.9,1,0,30/08/2009
POR,50,0,0,MCI,50,1,3,30/08/2009
BLB,53.4,3,3,WOL,46.6,1,0,12/09/2009
LIV,60.4,4,3,BUR,39.6,0,0,12/09/2009
MCI,39.1,4,3,ARS,60.9,2,0,12/09/2009
POR,62.2,2,0,BOL,37.8,3,3,12/09/2009
STK,27.8,1,0,CHE,72.2,2,3,12/09/2009
SUN,51.4,4,3,HUL,48.6,1,0,12/09/2009
TOT,49.1,1,0,MUN,50.9,3,3,12/09/2009
WIG,53,1,3,WHU,47,0,0,12/09/2009
BIR,50.3,0,0,AVL,49.7,1,3,13/09/2009
FUL,51.9,2,3,EVE,48.1,1,0,13/09/2009
ARS,61.9,4,3,WIG,38.1,0,0,19/09/2009
AVL,49,2,3,POR,51,0,0,19/09/2009
BOL,51.5,1,1,STK,48.5,1,1,19/09/2009
BUR,50.3,3,3,SUN,49.7,1,0,19/09/2009
HUL,44.6,0,0,BIR,55.4,1,3,19/09/2009
WHU,42.1,2,0,LIV,57.9,3,3,19/09/2009
CHE,49.1,3,3,TOT,50.9,0,0,20/09/2009
EVE,57,3,3,BLB,43,0,0,20/09/2009
MUN,61,4,3,MCI,39,3,0,20/09/2009
WOL,44.5,2,3,FUL,55.5,1,0,20/09/2009
BIR,62.3,1,0,BOL,37.7,2,3,26/09/2009
BLB,47.5,2,3,AVL,52.5,1,0,26/09/2009
FUL,49.1,0,0,ARS,50.9,1,3,26/09/2009
LIV,63.4,6,3,HUL,36.6,1,0,26/09/2009
POR,51.4,0,0,EVE,48.6,1,3,26/09/2009
STK,31.8,0,0,MUN,68.2,2,3,26/09/2009
TOT,51.3,5,3,BUR,48.7,0,0,26/09/2009
WIG,46.8,3,3,CHE,53.2,1,0,26/09/2009
SUN,47.3,5,3,WOL,52.7,2,0,27/09/2009
MCI,52.7,3,3,WHU,47.3,1,0,28/09/2009
BOL,39,2,1,TOT,61,2,1,03/10/2009
BUR,58.7,2,3,BIR,41.3,1,0,03/10/2009
HUL,25.6,2,3,WIG,74.4,1,0,03/10/2009
MUN,63.1,2,1,SUN,36.9,2,1,03/10/2009
WOL,60.1,0,0,POR,39.9,1,3,03/10/2009
ARS,65.1,6,3,BLB,34.9,2,0,04/10/2009
CHE,51,2,3,LIV,49,0,0,04/10/2009
EVE,60.7,1,1,STK,39.3,1,1,04/10/2009
WHU,64.8,2,1,FUL,35.2,2,1,04/10/2009
AVL,43.8,1,1,MCI,56.2,1,1,05/10/2009
ARS,63,3,3,BIR,37,1,0,17/10/2009
AVL,34.5,2,3,CHE,65.5,1,0,17/10/2009
EVE,55.4,1,1,WOL,44.6,1,1,17/10/2009
MUN,58.5,2,3,BOL,41.5,1,0,17/10/2009
POR,49.9,1,0,TOT,50.1,2,3,17/10/2009
STK,38.8,2,3,WHU,61.2,1,0,17/10/2009
SUN,32,1,3,LIV,68,0,0,17/10/2009
BLB,46,3,3,BUR,54,2,0,18/10/2009
WIG,56.2,1,1,MCI,43.8,1,1,18/10/2009
FUL,59.5,2,3,HUL,40.5,0,0,19/10/2009
BIR,44.7,2,3,SUN,55.3,1,0,24/10/2009
BUR,48.4,1,0,WIG,51.6,3,3,24/10/2009
CHE,68.1,5,3,BLB,31.9,0,0,24/10/2009
HUL,43.8,0,1,POR,56.2,0,1,24/10/2009
TOT,63.7,0,0,STK,36.3,1,3,24/10/2009
WOL,48.4,1,1,AVL,51.6,1,1,24/10/2009
BOL,43.5,3,3,EVE,56.5,2,0,25/10/2009
LIV,43.8,2,3,MUN,56.2,0,0,25/10/2009
MCI,57.3,2,1,FUL,42.7,2,1,25/10/2009
WHU,46.9,2,1,ARS,53.1,2,1,25/10/2009
ARS,52,3,3,TOT,48,0,0,31/10/2009
BOL,34.6,0,0,CHE,65.4,4,3,31/10/2009
BUR,59.3,2,3,HUL,40.7,0,0,31/10/2009
EVE,47.7,1,1,AVL,52.3,1,1,31/10/2009
FUL,35.8,3,3,LIV,64.2,1,0,31/10/2009
MUN,65.6,2,3,BLB,34.4,0,0,31/10/2009
POR,48.9,4,3,WIG,51.1,0,0,31/10/2009
STK,43.7,2,1,WOL,56.3,2,1,31/10/2009
SUN,56.9,2,1,WHU,43.1,2,1,31/10/2009
BIR,42.9,0,1,MCI,57.1,0,1,01/11/2009
WHU,54.2,2,3,AVL,45.8,1,0,04/11/2009
AVL,56.6,5,3,BOL,43.4,1,0,07/11/2009
BLB,52.7,3,3,POR,47.3,1,0,07/11/2009
MCI,53.3,3,1,BUR,46.7,3,1,07/11/2009
TOT,50.9,2,3,SUN,49.1,0,0,07/11/2009
WOL,39.5,1,0,ARS,60.5,4,3,07/11/2009
CHE,47.4,1,3,MUN,52.6,0,0,08/11/2009
HUL,56.7,2,3,STK,43.3,1,0,08/11/2009
WHU,59.3,1,0,EVE,40.7,2,3,08/11/2009
WIG,57.5,1,1,FUL,42.5,1,1,08/11/2009
LIV,77,2,1,BIR,23,2,1,09/11/2009
BIR,34,1,3,FUL,66,0,0,21/11/2009
BUR,47.4,1,1,AVL,52.6,1,1,21/11/2009
CHE,64.3,4,3,WOL,35.7,0,0,21/11/2009
HUL,54.4,3,1,WHU,45.6,3,1,21/11/2009
LIV,57.4,2,1,MCI,42.6,2,1,21/11/2009
MUN,65.8,3,3,EVE,34.2,0,0,21/11/2009
SUN,35.5,1,3,ARS,64.5,0,0,21/11/2009
BOL,41.5,0,0,BLB,58.5,2,3,22/11/2009
STK,41.9,1,3,POR,58.1,0,0,22/11/2009
TOT,54.8,9,3,WIG,45.2,1,0,22/11/2009
FUL,46.3,3,3,BLB,53.7,0,0,25/11/2009
HUL,43.5,3,3,EVE,56.5,2,0,25/11/2009
AVL,36.6,1,1,TOT,63.4,1,1,28/11/2009
BLB,57.6,0,1,STK,42.4,0,1,28/11/2009
FUL,63.6,1,1,BOL,36.4,1,1,28/11/2009
MCI,55.7,1,1,HUL,44.3,1,1,28/11/2009
POR,40.5,1,0,MUN,59.5,4,3,28/11/2009
WHU,41.6,5,3,BUR,58.4,3,0,28/11/2009
WIG,48.7,1,3,SUN,51.3,0,0,28/11/2009
ARS,56.3,0,0,CHE,43.7,3,3,29/11/2009
EVE,46.5,0,0,LIV,53.5,2,3,29/11/2009
WOL,56.2,0,0,BIR,43.8,1,3,29/11/2009
ARS,66.8,2,3,STK,33.2,0,0,05/12/2009
AVL,47.3,3,3,HUL,52.7,0,0,05/12/2009
BLB,39.8,0,1,LIV,60.2,0,1,05/12/2009
MCI,48,2,3,CHE,52,1,0,05/12/2009
POR,46.9,2,3,BUR,53.1,0,0,05/12/2009
WHU,42.2,0,0,MUN,57.8,4,3,05/12/2009
WIG,57.7,2,0,BIR,42.3,3,3,05/12/2009
WOL,45.4,2,3,BOL,54.6,1,0,05/12/2009
EVE,53.7,2,1,TOT,46.3,2,1,06/12/2009
FUL,46.8,1,3,SUN,53.2,0,0,06/12/2009
BIR,47.3,1,3,WHU,52.7,0,0,12/12/2009
BOL,35.6,3,1,MCI,64.4,3,1,12/12/2009
BUR,49.5,1,1,FUL,50.5,1,1,12/12/2009
CHE,64.2,3,1,EVE,35.8,3,1,12/12/2009
HUL,47.3,0,1,BLB,52.7,0,1,12/12/2009
MUN,67.2,0,0,AVL,32.8,1,3,12/12/2009
STK,40.6,2,1,WIG,59.4,2,1,12/12/2009
SUN,45,1,1,POR,55,1,1,12/12/2009
TOT,67.9,0,0,WOL,32.1,1,3,12/12/2009
LIV,48.1,1,0,ARS,51.9,2,3,13/12/2009
BIR,50.8,2,3,BLB,49.2,1,0,15/12/2009
BOL,44.5,3,3,WHU,55.5,1,0,15/12/2009
MUN,58.3,3,3,WOL,41.7,0,0,15/12/2009
SUN,57.6,0,0,AVL,42.4,2,3,15/12/2009
BUR,46.3,1,1,ARS,53.7,1,1,16/12/2009
CHE,60.3,2,3,POR,39.7,1,0,16/12/2009
LIV,55.1,2,3,WIG,44.9,1,0,16/12/2009
TOT,48.3,3,3,MCI,51.7,0,0,16/12/2009
ARS,64.1,3,3,HUL,35.9,0,0,19/12/2009
AVL,53,1,3,STK,47,0,0,19/12/2009
BLB,44,0,0,TOT,56,2,3,19/12/2009
FUL,41.6,3,3,MUN,58.4,0,0,19/12/2009
MCI,55.6,4,3,SUN,44.4,3,0,19/12/2009
POR,45.6,2,3,LIV,54.4,0,0,19/12/2009
EVE,58,1,1,BIR,42,1,1,20/12/2009
WHU,41.9,1,1,CHE,58.1,1,1,20/12/2009
WOL,47.1,2,3,BUR,52.9,0,0,20/12/2009
BIR,37,0,1,CHE,63,0,1,26/12/2009
BUR,59.6,1,1,BOL,40.4,1,1,26/12/2009
FUL,51.3,0,1,TOT,48.7,0,1,26/12/2009
LIV,66.6,2,3,WOL,33.4,0,0,26/12/2009
MCI,62.4,2,3,STK,37.6,0,0,26/12/2009
SUN,38.9,1,1,EVE,61.1,1,1,26/12/2009
WHU,50,2,3,POR,50,0,0,26/12/2009
WIG,56.8,1,1,BLB,43.2,1,1,26/12/2009
ARS,61.5,3,3,AVL,38.5,0,0,27/12/2009
HUL,40.4,1,0,MUN,59.6,3,3,27/12/2009
BLB,55.4,2,1,SUN,44.6,2,1,28/12/2009
CHE,65.4,2,3,FUL,34.6,1,0,28/12/2009
EVE,61.2,2,3,BUR,38.8,0,0,28/12/2009
STK,50.2,0,0,BIR,49.8,1,3,28/12/2009
TOT,54,2,3,WHU,46,0,0,28/12/2009
WOL,52.2,0,0,MCI,47.8,3,3,28/12/2009
AVL,43.4,0,0,LIV,56.6,1,3,29/12/2009
BOL,46,2,1,HUL,54,2,1,29/12/2009
MUN,62.1,5,3,WIG,37.9,0,0,30/12/2009
POR,34.8,1,0,ARS,65.2,4,3,30/12/2009
STK,42.2,3,3,FUL,57.8,2,0,05/01/2010
ARS,65.9,2,1,EVE,34.1,2,1,09/01/2010
BIR,37.2,1,1,MUN,62.8,1,1,09/01/2010
MCI,59.1,4,3,BLB,40.9,1,0,11/01/2010
CHE,69.3,7,3,SUN,30.7,2,0,16/01/2010
EVE,49.6,2,3,MCI,50.4,0,0,16/01/2010
MUN,59.9,3,3,BUR,40.1,0,0,16/01/2010
STK,44.8,1,1,LIV,55.2,1,1,16/01/2010
TOT,62.5,0,1,HUL,37.5,0,1,16/01/2010
WOL,52.3,0,0,WIG,47.7,2,3,16/01/2010
AVL,57.3,0,1,WHU,42.7,0,1,17/01/2010
BLB,40.6,2,3,FUL,59.4,0,0,17/01/2010
BOL,41.1,0,0,ARS,58.9,2,3,17/01/2010
ARS,62.9,4,3,BOL,37.1,2,0,20/01/2010
LIV,44.8,2,3,TOT,55.2,0,0,20/01/2010
MUN,59.2,4,3,HUL,40.8,0,0,23/01/2010
BOL,42.4,1,3,BUR,57.6,0,0,26/01/2010
POR,50.1,1,1,WHU,49.9,1,1,26/01/2010
TOT,50.1,2,3,FUL,49.9,0,0,26/01/2010
WOL,46.9,0,1,LIV,53.1,0,1,26/01/2010
AVL,48.7,0,1,ARS,51.3,0,1,27/01/2010
BLB,44.5,2,3,WIG,55.5,1,0,27/01/2010
CHE,57.6,3,3,BIR,42.4,0,0,27/01/2010
EVE,54.2,2,3,SUN,45.8,0,0,27/01/2010
BIR,52.4,1,1,TOT,47.6,1,1,30/01/2010
BUR,36.7,1,0,CHE,63.3,2,3,30/01/2010
FUL,54.1,0,0,AVL,45.9,2,3,30/01/2010
HUL,50.1,2,1,WOL,49.9,2,1,30/01/2010
LIV,65,2,3,BOL,35,0,0,30/01/2010
WHU,56.4,0,1,BLB,43.6,0,1,30/01/2010
WIG,53.4,0,0,EVE,46.6,1,3,30/01/2010
ARS,53.7,1,0,MUN,46.3,3,3,31/01/2010
MCI,55.7,2,3,POR,44.3,0,0,31/01/2010
SUN,57.2,0,1,STK,42.8,0,1,01/02/2010
HUL,36.1,1,1,CHE,63.9,1,1,02/02/2010
FUL,48.9,1,3,POR,51.1,0,0,03/02/2010
BOL,50.1,0,1,FUL,49.9,0,1,06/02/2010
BUR,50.2,2,3,WHU,49.8,1,0,06/02/2010
HUL,42.1,2,3,MCI,57.9,1,0,06/02/2010
LIV,39.6,1,3,EVE,60.4,0,0,06/02/2010
MUN,58.8,5,3,POR,41.2,0,0,06/02/2010
STK,49.3,3,3,BLB,50.7,0,0,06/02/2010
SUN,54.5,1,1,WIG,45.5,1,1,06/02/2010
TOT,56.2,0,1,AVL,43.8,0,1,06/02/2010
BIR,55.1,2,3,WOL,44.9,1,0,07/02/2010
CHE,41.3,2,3,ARS,58.7,0,0,07/02/2010
FUL,50.9,3,3,BUR,49.1,0,0,09/02/2010
MCI,58.6,2,3,BOL,41.4,0,0,09/02/2010
POR,55.2,1,1,SUN,44.8,1,1,09/02/2010
WIG,57.5,1,1,STK,42.5,1,1,09/02/2010
ARS,47.5,1,3,LIV,52.5,0,0,10/02/2010
AVL,47.8,1,1,MUN,52.2,1,1,10/02/2010
BLB,56.1,1,3,HUL,43.9,0,0,10/02/2010
EVE,38.5,2,3,CHE,61.5,1,0,10/02/2010
WHU,47.2,2,3,BIR,52.8,0,0,10/02/2010
WOL,41.8,1,3,TOT,58.2,0,0,10/02/2010
STK,36.8,1,1,MCI,63.2,1,1,16/02/2010
WIG,51.7,0,1,BOL,48.3,0,1,17/02/2010
ARS,67.8,2,3,SUN,32.2,0,0,20/02/2010
EVE,46.1,3,3,MUN,53.9,1,0,20/02/2010
POR,57.2,1,0,STK,42.8,2,3,20/02/2010
WHU,56.4,3,3,HUL,43.6,0,0,20/02/2010
WOL,42.4,0,0,CHE,57.6,2,3,20/02/2010
AVL,47.9,5,3,BUR,52.1,2,0,21/02/2010
BLB,41,3,3,BOL,59,0,0,21/02/2010
FUL,57,2,3,BIR,43,1,0,21/02/2010
MCI,44.1,0,1,LIV,55.9,0,1,21/02/2010
WIG,50.9,0,0,TOT,49.1,3,3,21/02/2010
MUN,53.8,3,3,WHU,46.2,0,0,23/02/2010
BIR,48,1,3,WIG,52,0,0,27/02/2010
BOL,44.6,1,3,WOL,55.4,0,0,27/02/2010
BUR,47.6,1,0,POR,52.4,2,3,27/02/2010
CHE,56.7,2,0,MCI,43.3,4,3,27/02/2010
STK,35.4,1,0,ARS,64.6,3,3,27/02/2010
LIV,54.4,2,3,BLB,45.6,1,0,28/02/2010
SUN,43.8,0,1,FUL,56.2,0,1,28/02/2010
TOT,47.4,2,3,EVE,52.6,1,0,28/02/2010
ARS,64.8,3,3,BUR,35.2,1,0,06/03/2010
WHU,58.4,1,0,BOL,41.6,2,3,06/03/2010
WOL,45.6,0,0,MUN,54.4,1,3,06/03/2010
EVE,55.4,5,3,HUL,44.6,1,0,07/03/2010
WIG,38.3,1,3,LIV,61.7,0,0,08/03/2010
POR,51,1,0,BIR,49,2,3,09/03/2010
SUN,50.9,4,3,BOL,49.1,0,0,09/03/2010
BUR,54.7,1,1,STK,45.3,1,1,10/03/2010
BIR,48.7,2,1,EVE,51.3,2,1,13/03/2010
BOL,40.6,4,3,WIG,59.4,0,0,13/03/2010
BUR,53.9,1,0,WOL,46.1,2,3,13/03/2010
CHE,60.9,4,3,WHU,39.1,1,0,13/03/2010
HUL,32.9,1,0,ARS,67.1,2,3,13/03/2010
STK,41.3,0,1,AVL,58.7,0,1,13/03/2010
TOT,55.5,3,3,BLB,44.5,1,0,13/03/2010
MUN,56.8,3,3,FUL,43.2,0,0,14/03/2010
SUN,45,1,1,MCI,55,1,1,14/03/2010
LIV,64.9,4,3,POR,35.1,1,0,15/03/2010
WIG,54,1,0,AVL,46,2,3,16/03/2010
ARS,55.7,2,3,WHU,44.3,0,0,20/03/2010
AVL,53.3,2,1,WOL,46.7,2,1,20/03/2010
EVE,66.6,2,3,BOL,33.4,0,0,20/03/2010
POR,59,3,3,HUL,41,2,0,20/03/2010
STK,42.4,1,0,TOT,57.6,2,3,20/03/2010
SUN,43.5,3,3,BIR,56.5,1,0,20/03/2010
WIG,55.1,1,3,BUR,44.9,0,0,20/03/2010
BLB,39.9,1,1,CHE,60.1,1,1,21/03/2010
FUL,54.2,1,0,MCI,45.8,2,3,21/03/2010
MUN,55.2,2,3,LIV,44.8,1,0,21/03/2010
WHU,55.2,1,0,WOL,44.8,3,3,23/03/2010
AVL,48,1,1,SUN,52,1,1,24/03/2010
BLB,41.8,2,3,BIR,58.2,1,0,24/03/2010
MCI,59.9,0,0,EVE,40.1,2,3,24/03/2010
POR,40.2,0,0,CHE,59.8,5,3,24/03/2010
BIR,43.7,1,1,ARS,56.3,1,1,27/03/2010
BOL,45.8,0,0,MUN,54.2,4,3,27/03/2010
CHE,60.4,7,3,AVL,39.6,1,0,27/03/2010
HUL,38.3,2,3,FUL,61.7,0,0,27/03/2010
TOT,52.2,2,3,POR,47.8,0,0,27/03/2010
WHU,54.8,0,0,STK,45.2,1,3,27/03/2010
WOL,53.6,0,1,EVE,46.4,0,1,27/03/2010
BUR,59.7,0,0,BLB,40.3,1,3,28/03/2010
LIV,63.2,3,3,SUN,36.8,0,0,28/03/2010
MCI,59.3,3,3,WIG,40.7,0,0,29/03/2010
ARS,64.6,1,3,WOL,35.4,0,0,03/04/2010
BOL,52.4,0,0,AVL,47.6,1,3,03/04/2010
BUR,46.4,1,0,MCI,53.6,6,3,03/04/2010
MUN,52.8,1,0,CHE,47.2,2,3,03/04/2010
POR,50.6,0,1,BLB,49.4,0,1,03/04/2010
STK,40.6,2,3,HUL,59.4,0,0,03/04/2010
SUN,53.9,3,3,TOT,46.1,1,0,03/04/2010
BIR,41.5,1,1,LIV,58.5,1,1,04/04/2010
EVE,57.5,2,1,WHU,42.5,2,1,04/04/2010
FUL,52.6,2,3,WIG,47.4,1,0,04/04/2010
HUL,50.6,1,0,BUR,49.4,4,3,10/04/2010
WHU,43.8,1,3,SUN,56.2,0,0,10/04/2010
BLB,33.6,0,1,MUN,66.4,0,1,11/04/2010
LIV,65.1,0,1,FUL,34.9,0,1,11/04/2010
MCI,53,5,3,BIR,47,1,0,11/04/2010
WOL,58.6,0,1,STK,41.4,0,1,11/04/2010
CHE,61.8,1,3,BOL,38.2,0,0,13/04/2010
AVL,55.1,2,1,EVE,44.9,2,1,14/04/2010
TOT,34.1,2,3,ARS,65.9,1,0,14/04/2010
WIG,61.5,0,1,POR,38.5,0,1,14/04/2010
BIR,49.9,0,1,HUL,50.1,0,1,17/04/2010
BLB,37.1,2,0,EVE,62.9,3,3,17/04/2010
FUL,56.7,0,1,WOL,43.3,0,1,17/04/2010
MCI,43.7,0,0,MUN,56.3,1,3,17/04/2010
STK,47.7,1,0,BOL,52.3,2,3,17/04/2010
SUN,49.2,2,3,BUR,50.8,1,0,17/04/2010
TOT,49.2,2,3,CHE,50.8,1,0,17/04/2010
POR,42.7,1,0,AVL,57.3,2,3,18/04/2010
WIG,49.9,3,3,ARS,50.1,2,0,18/04/2010
LIV,65.2,3,3,WHU,34.8,0,0,19/04/2010
HUL,49.9,0,0,AVL,50.1,2,3,21/04/2010
ARS,59.3,0,1,MCI,40.7,0,1,24/04/2010
BOL,54.2,2,1,POR,45.8,2,1,24/04/2010
HUL,54.6,0,0,SUN,45.4,1,3,24/04/2010
MUN,56.4,3,3,TOT,43.6,1,0,24/04/2010
WHU,45.4,3,3,WIG,54.6,2,0,24/04/2010
WOL,59,1,1,BLB,41,1,1,24/04/2010
AVL,50.8,1,3,BIR,49.2,0,0,25/04/2010
BUR,45.8,0,0,LIV,54.2,4,3,25/04/2010
CHE,70.3,7,3,STK,29.7,0,0,25/04/2010
EVE,55.3,2,3,FUL,44.7,1,0,25/04/2010
BIR,52.9,2,3,BUR,47.1,1,0,01/05/2010
MCI,53.9,3,3,AVL,46.1,1,0,01/05/2010
POR,44.3,3,3,WOL,55.7,1,0,01/05/2010
STK,45.6,0,1,EVE,54.4,0,1,01/05/2010
TOT,55.1,1,3,BOL,44.9,0,0,01/05/2010
FUL,49.2,3,3,WHU,50.8,2,0,02/05/2010
LIV,56.2,0,0,CHE,43.8,2,3,02/05/2010
SUN,48.3,0,0,MUN,51.7,1,3,02/05/2010
BLB,29.9,2,3,ARS,70.1,1,0,03/05/2010
WIG,63.6,2,1,HUL,36.4,2,1,03/05/2010
FUL,62.8,0,0,STK,37.2,1,3,05/05/2010
MCI,54.1,0,0,TOT,45.9,1,3,05/05/2010
ARS,64.3,4,3,FUL,35.7,0,0,09/05/2010
AVL,65.1,0,0,BLB,34.9,1,3,09/05/2010
BOL,41.5,2,3,BIR,58.5,1,0,09/05/2010
BUR,50.2,4,3,TOT,49.8,2,0,09/05/2010
CHE,53.1,8,3,WIG,46.9,0,0,09/05/2010
EVE,63.3,1,3,POR,36.7,0,0,09/05/2010
HUL,40.4,0,1,LIV,59.6,0,1,09/05/2010
MUN,60.8,4,3,STK,39.2,0,0,09/05/2010
WHU,35.9,1,1,MCI,64.1,1,1,09/05/2010
WOL,55.3,2,3,SUN,44.7,1,0,09/05/2010
AVL,56.8,3,3,WHU,43.2,0,0,14/08/2010
BLB,30.4,1,3,EVE,69.6,0,0,14/08/2010
BOL,46.5,0,1,FUL,53.5,0,1,14/08/2010
CHE,59.5,6,3,WBA,40.5,0,0,14/08/2010
SUN,44.1,2,1,BIR,55.9,2,1,14/08/2010
TOT,39.2,0,1,MCI,60.8,0,1,14/08/2010
WIG,56.4,0,0,BLP,43.6,4,3,14/08/2010
WOL,61.5,2,3,STK,38.5,1,0,14/08/2010
LIV,36.7,1,1,ARS,63.3,1,1,15/08/2010
MUN,65.6,3,3,NEW,34.4,0,0,16/08/2010
ARS,53.3,6,3,BLP,46.7,0,0,21/08/2010
BIR,56,2,3,BLB,44,1,0,21/08/2010
EVE,59.3,1,1,WOL,40.7,1,1,21/08/2010
STK,41.7,1,0,TOT,58.3,2,3,21/08/2010
WBA,54.7,1,3,SUN,45.3,0,0,21/08/2010
WHU,50.2,1,0,BOL,49.8,3,3,21/08/2010
WIG,51.2,0,0,CHE,48.8,6,3,21/08/2010
FUL,42.8,2,1,MUN,57.2,2,1,22/08/2010
NEW,50.1,6,3,AVL,49.9,0,0,22/08/2010
MCI,54.4,3,3,LIV,45.6,0,0,23/08/2010
BLB,35.3,1,0,ARS,64.7,2,3,28/08/2010
BLP,54,2,1,FUL,46,2,1,28/08/2010
CHE,73,2,3,STK,27,0,0,28/08/2010
MUN,60.3,3,3,WHU,39.7,0,0,28/08/2010
TOT,63.4,0,0,WIG,36.6,1,3,28/08/2010
WOL,44.9,1,1,NEW,55.1,1,1,28/08/2010
AVL,31.7,1,3,EVE,68.3,0,0,29/08/2010
BOL,50.8,2,1,BIR,49.2,2,1,29/08/2010
LIV,51,1,3,WBA,49,0,0,29/08/2010
SUN,41.7,1,3,MCI,58.3,0,0,29/08/2010
ARS,64.3,4,3,BOL,35.7,1,0,11/09/2010
EVE,52.3,3,1,MUN,47.7,3,1,11/09/2010
FUL,61.3,2,3,WOL,38.7,1,0,11/09/2010
MCI,64.9,1,1,BLB,35.1,1,1,11/09/2010
NEW,56.5,0,0,BLP,43.5,2,3,11/09/2010
WBA,40.3,1,1,TOT,59.7,1,1,11/09/2010
WHU,42.6,1,0,CHE,57.4,3,3,11/09/2010
WIG,64,1,1,SUN,36,1,1,11/09/2010
BIR,43.8,0,1,LIV,56.2,0,1,12/09/2010
STK,43.3,2,3,AVL,56.7,1,0,13/09/2010
AVL,56.7,1,1,BOL,43.3,1,1,18/09/2010
BLB,38.9,1,1,FUL,61.1,1,1,18/09/2010
EVE,51.7,0,0,NEW,48.3,1,3,18/09/2010
STK,42.5,1,1,WHU,57.5,1,1,18/09/2010
SUN,53.5,1,1,ARS,46.5,1,1,18/09/2010
TOT,57.7,3,3,WOL,42.3,1,0,18/09/2010
WBA,51.4,3,3,BIR,48.6,1,0,18/09/2010
CHE,56.5,4,3,BLP,43.5,0,0,19/09/2010
MUN,49.5,3,3,LIV,50.5,2,0,19/09/2010
WIG,46,0,0,MCI,54,2,3,19/09/2010
ARS,64.3,2,0,WBA,35.7,3,3,25/09/2010
BIR,56.1,0,1,WIG,43.9,0,1,25/09/2010
BLP,58.2,1,0,BLB,41.8,2,3,25/09/2010
FUL,45.8,0,1,EVE,54.2,0,1,25/09/2010
LIV,54.9,2,1,SUN,45.1,2,1,25/09/2010
MCI,43,1,3,CHE,57,0,0,25/09/2010
WHU,36.1,1,3,TOT,63.9,0,0,25/09/2010
BOL,34.2,2,1,MUN,65.8,2,1,26/09/2010
NEW,63,1,0,STK,37,2,3,26/09/2010
WOL,57.7,1,0,AVL,42.3,2,3,26/09/2010
BIR,49,0,0,EVE,51,2,3,02/10/2010
STK,44.5,1,3,BLB,55.5,0,0,02/10/2010
SUN,48,0,1,MUN,52,0,1,02/10/2010
TOT,53.1,2,3,AVL,46.9,1,0,02/10/2010
WBA,56.5,1,1,BOL,43.5,1,1,02/10/2010
WHU,45.6,1,1,FUL,54.4,1,1,02/10/2010
WIG,60.9,2,3,WOL,39.1,0,0,02/10/2010
CHE,47,2,3,ARS,53,0,0,03/10/2010
LIV,56.8,1,0,BLP,43.2,2,3,03/10/2010
MCI,51.9,2,3,NEW,48.1,1,0,03/10/2010
ARS,58.1,2,3,BIR,41.9,1,0,16/10/2010
AVL,40,0,1,CHE,60,0,1,16/10/2010
BOL,59.4,2,3,STK,40.6,1,0,16/10/2010
FUL,49.4,1,0,TOT,50.6,2,3,16/10/2010
MUN,56,2,1,WBA,44,2,1,16/10/2010
NEW,57.5,2,1,WIG,42.5,2,1,16/10/2010
WOL,49,1,1,WHU,51,1,1,16/10/2010
BLP,56.3,2,0,MCI,43.7,3,3,17/10/2010
EVE,34.1,2,3,LIV,65.9,0,0,17/10/2010
BLB,43,0,1,SUN,57,0,1,18/10/2010
BIR,54.2,2,3,BLP,45.8,0,0,23/10/2010
CHE,48.5,2,3,WOL,51.5,0,0,23/10/2010
SUN,47.7,1,3,AVL,52.3,0,0,23/10/2010
TOT,53.4,1,1,EVE,46.6,1,1,23/10/2010
WBA,49.9,2,3,FUL,50.1,1,0,23/10/2010
WHU,40.7,1,0,NEW,59.3,2,3,23/10/2010
WIG,50.8,1,1,BOL,49.2,1,1,23/10/2010
LIV,57.3,2,3,BLB,42.7,1,0,24/10/2010
MCI,34.7,0,0,ARS,65.3,3,3,24/10/2010
STK,37.7,1,0,MUN,62.3,2,3,24/10/2010
ARS,65.7,1,3,WHU,34.3,0,0,30/10/2010
BLB,33.9,1,0,CHE,66.1,2,3,30/10/2010
EVE,64.4,1,3,STK,35.6,0,0,30/10/2010
FUL,59.1,2,3,WIG,40.9,0,0,30/10/2010
MUN,51.3,2,3,TOT,48.7,0,0,30/10/2010
WOL,52.3,2,3,MCI,47.7,1,0,30/10/2010
AVL,48.3,0,1,BIR,51.7,0,1,31/10/2010
BOL,41.2,0,0,LIV,58.8,1,3,31/10/2010
NEW,54.4,5,3,SUN,45.6,1,0,31/10/2010
BLP,65.4,2,3,WBA,34.6,1,0,01/11/2010
BIR,54,2,1,WHU,46,2,1,06/11/2010
BLB,35.8,2,3,WIG,64.2,1,0,06/11/2010
BLP,48.2,2,1,EVE,51.8,2,1,06/11/2010
BOL,43.4,4,3,TOT,56.6,2,0,06/11/2010
FUL,57.1,1,1,AVL,42.9,1,1,06/11/2010
MUN,51.8,2,3,WOL,48.2,1,0,06/11/2010
SUN,55.8,2,3,STK,44.2,0,0,06/11/2010
ARS,57.6,0,0,NEW,42.4,1,3,07/11/2010
LIV,35.3,2,3,CHE,64.7,0,0,07/11/2010
WBA,39.7,0,0,MCI,60.3,2,3,07/11/2010
STK,47,3,3,BIR,53,2,0,09/11/2010
TOT,57,1,1,SUN,43,1,1,09/11/2010
AVL,40.6,3,3,BLP,59.4,2,0,10/11/2010
CHE,57.3,1,3,FUL,42.7,0,0,10/11/2010
EVE,64.3,1,1,BOL,35.7,1,1,10/11/2010
MCI,46.6,0,1,MUN,53.4,0,1,10/11/2010
NEW,64.3,1,0,BLB,35.7,2,3,10/11/2010
WHU,50.4,2,1,WBA,49.6,2,1,10/11/2010
WIG,53.3,1,1,LIV,46.7,1,1,10/11/2010
WOL,52,0,0,ARS,48,2,3,10/11/2010
AVL,40.7,2,1,MUN,59.3,2,1,13/11/2010
MCI,59.5,0,1,BIR,40.5,0,1,13/11/2010
NEW,54,0,1,FUL,46,0,1,13/11/2010
STK,40,2,3,LIV,60,0,0,13/11/2010
TOT,56.9,4,3,BLB,43.1,2,0,13/11/2010
WHU,48.5,0,1,BLP,51.5,0,1,13/11/2010
WIG,60.7,1,3,WBA,39.3,0,0,13/11/2010
WOL,55.5,2,0,BOL,44.5,3,3,13/11/2010
CHE,58.3,0,0,SUN,41.7,3,3,14/11/2010
EVE,48.8,1,0,ARS,51.2,2,3,14/11/2010
ARS,60.4,2,0,TOT,39.6,3,3,20/11/2010
BIR,38.2,1,3,CHE,61.8,0,0,20/11/2010
BLP,44.2,2,3,WOL,55.8,1,0,20/11/2010
BOL,49.3,5,3,NEW,50.7,1,0,20/11/2010
LIV,53.7,3,3,WHU,46.3,0,0,20/11/2010
MUN,67.4,2,3,WIG,32.6,0,0,20/11/2010
WBA,64.6,0,0,STK,35.4,3,3,20/11/2010
BLB,38.3,2,3,AVL,61.7,0,0,21/11/2010
FUL,45.4,1,0,MCI,54.6,4,3,21/11/2010
SUN,45.3,2,1,EVE,54.7,2,1,22/11/2010
AVL,40.7,2,0,ARS,59.3,4,3,27/11/2010
BOL,48.7,2,1,BLP,51.3,2,1,27/11/2010
EVE,46.6,1,0,WBA,53.4,4,3,27/11/2010
FUL,59,1,1,BIR,41,1,1,27/11/2010
MUN,64.9,7,3,BLB,35.1,1,0,27/11/2010
STK,36.1,1,1,MCI,63.9,1,1,27/11/2010
WHU,41,3,3,WIG,59,1,0,27/11/2010
WOL,54,3,3,SUN,46,2,0,27/11/2010
NEW,43,1,1,CHE,57,1,1,28/11/2010
TOT,50.4,2,3,LIV,49.6,1,0,28/11/2010
ARS,54.4,2,3,FUL,45.6,1,0,04/12/2010
BIR,49.3,1,1,TOT,50.7,1,1,04/12/2010
BLB,41.6,3,3,WOL,58.4,0,0,04/12/2010
CHE,56.4,1,1,EVE,43.6,1,1,04/12/2010
MCI,59,1,3,BOL,41,0,0,04/12/2010
WIG,64.4,2,1,STK,35.6,2,1,04/12/2010
SUN,57.4,1,3,WHU,42.6,0,0,05/12/2010
WBA,57.6,3,3,NEW,42.4,1,0,05/12/2010
LIV,48.9,3,3,AVL,51.1,0,0,06/12/2010
AVL,43,2,3,WBA,57,1,0,11/12/2010
EVE,49.8,0,1,WIG,50.2,0,1,11/12/2010
FUL,54.5,0,1,SUN,45.5,0,1,11/12/2010
NEW,44.9,3,3,LIV,55.1,1,0,11/12/2010
STK,42.5,0,0,BLP,57.5,1,3,11/12/2010
WHU,38.8,1,0,MCI,61.2,3,3,11/12/2010
BOL,49.6,2,3,BLB,50.4,1,0,12/12/2010
TOT,38.6,1,1,CHE,61.4,1,1,12/12/2010
WOL,45.9,1,3,BIR,54.1,0,0,12/12/2010
MUN,46.1,1,3,ARS,53.9,0,0,13/12/2010
BLB,52,1,1,WHU,48,1,1,18/12/2010
SUN,47.4,1,3,BOL,52.6,0,0,18/12/2010
MCI,68.2,1,0,EVE,31.8,2,3,20/12/2010
AVL,57.3,1,0,TOT,42.7,2,3,26/12/2010
BLB,56.8,0,0,STK,43.2,2,3,26/12/2010
BOL,44.8,2,3,WBA,55.2,0,0,26/12/2010
FUL,64.4,1,0,WHU,35.6,3,3,26/12/2010
MUN,56.6,2,3,SUN,43.4,0,0,26/12/2010
NEW,56.6,1,0,MCI,43.4,3,3,26/12/2010
WOL,54.6,1,0,WIG,45.4,2,3,26/12/2010
ARS,55.1,3,3,CHE,44.9,1,0,27/12/2010
BIR,42.7,1,1,MUN,57.3,1,1,28/12/2010
MCI,49.9,4,3,AVL,50.1,0,0,28/12/2010
STK,48.3,0,0,FUL,51.7,2,3,28/12/2010
SUN,53,0,0,BLP,47,2,3,28/12/2010
TOT,55,2,3,NEW,45,0,0,28/12/2010
WBA,62.2,1,0,BLB,37.8,3,3,28/12/2010
WHU,37.5,1,1,EVE,62.5,1,1,28/12/2010
CHE,57.8,1,3,BOL,42.2,0,0,29/12/2010
LIV,56.4,0,0,WOL,43.6,1,3,29/12/2010
WIG,39.3,2,1,ARS,60.7,2,1,29/12/2010
BIR,50.4,0,0,ARS,49.6,3,3,01/01/2011
LIV,62.6,2,3,BOL,37.4,1,0,01/01/2011
MCI,52.2,1,3,BLP,47.8,0,0,01/01/2011
STK,35.9,2,3,EVE,64.1,0,0,01/01/2011
SUN,51.8,3,3,BLB,48.2,0,0,01/01/2011
TOT,55.5,1,3,FUL,44.5,0,0,01/01/2011
WBA,47.7,1,0,MUN,52.3,2,3,01/01/2011
WHU,48.1,2,3,WOL,51.9,0,0,01/01/2011
CHE,60.9,3,1,AVL,39.1,3,1,02/01/2011
WIG,51.2,0,0,NEW,48.8,1,3,02/01/2011
BLP,59,1,0,BIR,41,2,3,04/01/2011
FUL,50.8,3,3,WBA,49.2,0,0,04/01/2011
MUN,64.3,2,3,STK,35.7,1,0,04/01/2011
ARS,61.4,0,1,MCI,38.6,0,1,05/01/2011
AVL,52.2,0,0,SUN,47.8,1,3,05/01/2011
BLB,32.9,3,3,LIV,67.1,1,0,05/01/2011
BOL,52.5,1,1,WIG,47.5,1,1,05/01/2011
EVE,46.5,2,3,TOT,53.5,1,0,05/01/2011
NEW,51.6,5,3,WHU,48.4,0,0,05/01/2011
WOL,32.2,1,3,CHE,67.8,0,0,05/01/2011
BLP,46.4,2,3,LIV,53.6,1,0,12/01/2011
CHE,64.9,2,3,BLB,35.1,0,0,15/01/2011
MCI,50.4,4,3,WOL,49.6,3,0,15/01/2011
STK,36.5,2,3,BOL,63.5,0,0,15/01/2011
WBA,49.5,3,3,BLP,50.5,2,0,15/01/2011
WHU,30.4,0,0,ARS,69.6,3,3,15/01/2011
WIG,47.3,1,1,FUL,52.7,1,1,15/01/2011
BIR,52.4,1,1,AVL,47.6,1,1,16/01/2011
LIV,56.1,2,1,EVE,43.9,2,1,16/01/2011
SUN,48.4,1,1,NEW,51.6,1,1,16/01/2011
TOT,56.4,0,1,MUN,43.6,0,1,16/01/2011
ARS,62.4,3,3,WIG,37.6,0,0,22/01/2011
AVL,32,1,3,MCI,68,0,0,22/01/2011
BLP,56.8,1,0,SUN,43.2,2,3,22/01/2011
EVE,60.1,2,1,WHU,39.9,2,1,22/01/2011
FUL,62.8,2,3,STK,37.2,0,0,22/01/2011
MUN,55.9,5,3,BIR,44.1,0,0,22/01/2011
NEW,35.9,1,1,TOT,64.1,1,1,22/01/2011
WOL,58.2,0,0,LIV,41.8,3,3,22/01/2011
BLB,44.6,2,3,WBA,55.4,0,0,23/01/2011
BOL,47.9,0,0,CHE,52.1,4,3,24/01/2011
BLP,42.4,2,0,MUN,57.6,3,3,25/01/2011
WIG,54.1,1,0,AVL,45.9,2,3,25/01/2011
LIV,53.5,1,3,FUL,46.5,0,0,26/01/2011
ARS,58.1,2,3,EVE,41.9,1,0,01/02/2011
MUN,44.2,3,3,AVL,55.8,1,0,01/02/2011
SUN,35.7,2,0,CHE,64.3,4,3,01/02/2011
WBA,55.4,2,1,WIG,44.6,2,1,01/02/2011
BIR,46.7,2,1,MCI,53.3,2,1,02/02/2011
BLB,46.3,0,0,TOT,53.7,1,3,02/02/2011
BLP,57,1,0,WHU,43,3,3,02/02/2011
BOL,42.6,1,3,WOL,57.4,0,0,02/02/2011
FUL,49.1,1,3,NEW,50.9,0,0,02/02/2011
LIV,66.7,2,3,STK,33.3,0,0,02/02/2011
AVL,55.7,2,1,FUL,44.3,2,1,05/02/2011
EVE,55.5,5,3,BLP,44.5,3,0,05/02/2011
MCI,52.5,3,3,WBA,47.5,0,0,05/02/2011
NEW,48.5,4,1,ARS,51.5,4,1,05/02/2011
STK,43.7,3,3,SUN,56.3,2,0,05/02/2011
TOT,53.4,2,3,BOL,46.6,1,0,05/02/2011
WIG,46,4,3,BLB,54,3,0,05/02/2011
WOL,41.7,2,3,MUN,58.3,1,0,05/02/2011
CHE,56.6,0,0,LIV,43.4,1,3,06/02/2011
WHU,54.8,0,0,BIR,45.2,1,3,06/02/2011
ARS,50.1,2,3,WOL,49.9,0,0,12/02/2011
BIR,60.6,1,3,STK,39.4,0,0,12/02/2011
BLB,42.8,0,1,NEW,57.2,0,1,12/02/2011
BLP,49.6,1,1,AVL,50.4,1,1,12/02/2011
LIV,52.7,1,1,WIG,47.3,1,1,12/02/2011
MUN,49.7,2,3,MCI,50.3,1,0,12/02/2011
SUN,53.8,1,0,TOT,46.2,2,3,12/02/2011
WBA,40.9,3,1,WHU,59.1,3,1,12/02/2011
BOL,47.1,2,3,EVE,52.9,0,0,13/02/2011
FUL,37.4,0,1,CHE,62.6,0,1,14/02/2011
BIR,53.1,0,0,NEW,46.9,2,3,15/02/2011
WBA,45,1,1,WOL,55,1,1,20/02/2011
BLP,38.5,3,3,TOT,61.5,1,0,22/02/2011
ARS,69.9,1,3,STK,30.1,0,0,23/02/2011
AVL,59.1,4,3,BLB,40.9,1,0,26/02/2011
EVE,46.6,2,3,SUN,53.4,0,0,26/02/2011
NEW,44.9,1,1,BOL,55.1,1,1,26/02/2011
WIG,48,0,0,MUN,52,4,3,26/02/2011
WOL,58.5,4,3,BLP,41.5,0,0,26/02/2011
MCI,50.8,1,1,FUL,49.2,1,1,27/02/2011
WHU,42.2,3,3,LIV,57.8,1,0,27/02/2011
STK,40.5,1,1,WBA,59.5,1,1,28/02/2011
CHE,45,2,3,MUN,55,1,0,01/03/2011
ARS,62.6,0,1,SUN,37.4,0,1,05/03/2011
BIR,50.1,1,0,WBA,49.9,3,3,05/03/2011
BOL,52.6,3,3,AVL,47.4,2,0,05/03/2011
FUL,55.2,3,3,BLB,44.8,2,0,05/03/2011
MCI,50.4,1,3,WIG,49.6,0,0,05/03/2011
NEW,59.7,1,0,EVE,40.3,2,3,05/03/2011
WHU,56.8,3,3,STK,43.2,0,0,05/03/2011
LIV,42.4,3,3,MUN,57.6,1,0,06/03/2011
WOL,53.1,3,1,TOT,46.9,3,1,06/03/2011
BLP,44,1,0,CHE,56,3,3,07/03/2011
EVE,59,1,1,BIR,41,1,1,09/03/2011
AVL,58.5,0,0,WOL,41.5,1,3,19/03/2011
BLB,52.5,2,1,BLP,47.5,2,1,19/03/2011
EVE,45.1,2,3,FUL,54.9,1,0,19/03/2011
MUN,57.5,1,3,BOL,42.5,0,0,19/03/2011
STK,39.6,4,3,NEW,60.4,0,0,19/03/2011
TOT,59.3,0,1,WHU,40.7,0,1,19/03/2011
WBA,26.1,2,1,ARS,73.9,2,1,19/03/2011
WIG,60.7,2,3,BIR,39.3,1,0,19/03/2011
CHE,58.7,2,3,MCI,41.3,0,0,20/03/2011
SUN,52.2,0,0,LIV,47.8,2,3,20/03/2011
ARS,67.5,0,1,BLB,32.5,0,1,02/04/2011
BIR,52.3,2,3,BOL,47.7,1,0,02/04/2011
EVE,46.7,2,1,AVL,53.3,2,1,02/04/2011
NEW,42.6,4,3,WOL,57.4,1,0,02/04/2011
STK,35.7,1,1,CHE,64.3,1,1,02/04/2011
WBA,50.7,2,3,LIV,49.3,1,0,02/04/2011
WHU,34,2,0,MUN,66,4,3,02/04/2011
WIG,45.7,0,1,TOT,54.3,0,1,02/04/2011
FUL,34.6,3,3,BLP,65.4,0,0,03/04/2011
MCI,50.1,5,3,SUN,49.9,0,0,03/04/2011
BLB,47.1,1,1,BIR,52.9,1,1,09/04/2011
BOL,41.7,3,3,WHU,58.3,0,0,09/04/2011
CHE,52.5,1,3,WIG,47.5,0,0,09/04/2011
MUN,47.8,2,3,FUL,52.2,0,0,09/04/2011
SUN,50.3,2,0,WBA,49.7,3,3,09/04/2011
TOT,61,3,3,STK,39,2,0,09/04/2011
WOL,64.4,0,0,EVE,35.6,3,3,09/04/2011
AVL,49.7,1,3,NEW,50.3,0,0,10/04/2011
BLP,41.1,1,0,ARS,58.9,3,3,10/04/2011
LIV,53.1,3,3,MCI,46.9,0,0,11/04/2011
BIR,44.8,2,3,SUN,55.2,0,0,16/04/2011
BLP,49.3,1,0,WIG,50.7,3,3,16/04/2011
EVE,54.2,2,3,BLB,45.8,0,0,16/04/2011
WBA,40.4,1,0,CHE,59.6,3,3,16/04/2011
WHU,47.1,1,0,AVL,52.9,2,3,16/04/2011
ARS,61.7,1,1,LIV,38.3,1,1,17/04/2011
NEW,40.6,0,1,MUN,59.4,0,1,19/04/2011
CHE,57.1,3,3,BIR,42.9,1,0,20/04/2011
TOT,45.1,3,1,ARS,54.9,3,1,20/04/2011
AVL,58.8,1,1,STK,41.2,1,1,23/04/2011
BLP,57.1,1,1,NEW,42.9,1,1,23/04/2011
CHE,67.5,3,3,WHU,32.5,0,0,23/04/2011
LIV,53.5,5,3,BIR,46.5,0,0,23/04/2011
MUN,59.1,1,3,EVE,40.9,0,0,23/04/2011
SUN,44.1,4,3,WIG,55.9,2,0,23/04/2011
TOT,60.1,2,1,WBA,39.9,2,1,23/04/2011
WOL,42.4,1,1,FUL,57.6,1,1,23/04/2011
BOL,32.9,2,3,ARS,67.1,1,0,24/04/2011
BLB,32.8,0,0,MCI,67.2,1,3,25/04/2011
STK,35.6,3,3,WOL,64.4,0,0,26/04/2011
FUL,51.9,3,3,BOL,48.1,0,0,27/04/2011
BLB,42.1,1,3,BOL,57.9,0,0,30/04/2011
BLP,56.4,0,1,STK,43.6,0,1,30/04/2011
CHE,52.4,2,3,TOT,47.6,1,0,30/04/2011
SUN,50.3,0,0,FUL,49.7,3,3,30/04/2011
WBA,41,2,3,AVL,59,1,0,30/04/2011
WIG,50.3,1,1,EVE,49.7,1,1,30/04/2011
ARS,54.9,1,3,MUN,45.1,0,0,01/05/2011
BIR,42.9,1,1,WOL,57.1,1,1,01/05/2011
LIV,46.3,3,3,NEW,53.7,0,0,01/05/2011
MCI,59.8,2,3,WHU,40.2,1,0,01/05/2011
AVL,48.3,1,1,WIG,51.7,1,1,07/05/2011
BOL,52.4,1,0,SUN,47.6,2,3,07/05/2011
EVE,48.6,2,3,MCI,51.4,1,0,07/05/2011
NEW,62.6,2,3,BIR,37.4,1,0,07/05/2011
TOT,58.6,1,1,BLP,41.4,1,1,07/05/2011
WHU,62.1,1,1,BLB,37.9,1,1,07/05/2011
MUN,47.4,2,3,CHE,52.6,1,0,08/05/2011
STK,26.6,3,3,ARS,73.4,1,0,08/05/2011
WOL,45.4,3,3,WBA,54.6,1,0,08/05/2011
FUL,49.1,2,0,LIV,50.9,5,3,09/05/2011
MCI,38.1,1,3,TOT,61.9,0,0,10/05/2011
BLB,24.5,1,1,MUN,75.5,1,1,14/05/2011
BLP,50.9,4,3,BOL,49.1,3,0,14/05/2011
SUN,59.6,1,0,WOL,40.4,3,3,14/05/2011
WBA,47.5,1,3,EVE,52.5,0,0,14/05/2011
ARS,67.7,1,0,AVL,32.3,2,3,15/05/2011
BIR,57.2,0,0,FUL,42.8,2,3,15/05/2011
CHE,64.2,2,1,NEW,35.8,2,1,15/05/2011
LIV,53.5,0,0,TOT,46.5,2,3,15/05/2011
WIG,58.7,3,3,WHU,41.3,2,0,15/05/2011
MCI,56.3,3,3,STK,43.7,0,0,17/05/2011
AVL,48.5,1,3,LIV,51.5,0,0,22/05/2011
BOL,40.5,0,0,MCI,59.5,2,3,22/05/2011
EVE,36.1,1,3,CHE,63.9,0,0,22/05/2011
FUL,32.2,2,1,ARS,67.8,2,1,22/05/2011
MUN,58.5,4,3,BLP,41.5,2,0,22/05/2011
NEW,54.6,3,1,WBA,45.4,3,1,22/05/2011
STK,50.8,0,0,WIG,49.2,1,3,22/05/2011
TOT,67.8,2,3,BIR,32.2,1,0,22/05/2011
WHU,51.2,0,0,SUN,48.8,3,3,22/05/2011
WOL,58.3,2,0,BLB,41.7,3,3,22/05/2011
BLB,52,1,0,WOL,48,2,3,13/08/2011
FUL,54.1,0,1,AVL,45.9,0,1,13/08/2011
LIV,60.1,1,1,SUN,39.9,1,1,13/08/2011
NEW,37.8,0,1,ARS,62.2,0,1,13/08/2011
QPR,45.2,0,0,BOL,54.8,4,3,13/08/2011
WIG,49.5,1,1,NOR,50.5,1,1,13/08/2011
STK,34.4,0,1,CHE,65.6,0,1,14/08/2011
WBA,40.8,1,0,MUN,59.2,2,3,14/08/2011
MCI,42.4,4,3,SWA,57.6,0,0,15/08/2011
ARS,49.8,0,0,LIV,50.2,2,3,20/08/2011
AVL,51.6,3,3,BLB,48.4,1,0,20/08/2011
CHE,65.7,2,3,WBA,34.3,1,0,20/08/2011
EVE,51.8,0,0,QPR,48.2,1,3,20/08/2011
SUN,50,0,0,NEW,50,1,3,20/08/2011
SWA,64,0,1,WIG,36,0,1,20/08/2011
BOL,43.5,2,0,MCI,56.5,3,3,21/08/2011
NOR,43.5,1,1,STK,56.5,1,1,21/08/2011
WOL,53.5,2,3,FUL,46.5,0,0,21/08/2011
MUN,53,3,3,TOT,47,0,0,22/08/2011
AVL,45.9,0,1,WOL,54.1,0,1,27/08/2011
BLB,41.2,0,0,EVE,58.8,1,3,27/08/2011
CHE,69.6,3,3,NOR,30.4,1,0,27/08/2011
LIV,58.8,3,3,BOL,41.2,1,0,27/08/2011
SWA,62,0,1,SUN,38,0,1,27/08/2011
WIG,55.2,2,3,QPR,44.8,0,0,27/08/2011
MUN,56.3,8,3,ARS,43.7,2,0,28/08/2011
NEW,46.4,2,3,FUL,53.6,1,0,28/08/2011
TOT,41.5,1,0,MCI,58.5,5,3,28/08/2011
WBA,58.9,0,0,STK,41.1,1,3,28/08/2011
ARS,56.5,1,3,SWA,43.5,0,0,10/09/2011
BOL,42.2,0,0,MUN,57.8,5,3,10/09/2011
EVE,54.2,2,1,AVL,45.8,2,1,10/09/2011
MCI,57.9,3,3,WIG,42.1,0,0,10/09/2011
STK,27.4,1,3,LIV,72.6,0,0,10/09/2011
SUN,40.1,1,0,CHE,59.9,2,3,10/09/2011
WOL,43.4,0,0,TOT,56.6,2,3,10/09/2011
FUL,58.3,1,1,BLB,41.7,1,1,11/09/2011
NOR,51.8,0,0,WBA,48.2,1,3,11/09/2011
QPR,58.1,0,1,NEW,41.9,0,1,12/09/2011
AVL,41.1,1,1,NEW,58.9,1,1,17/09/2011
BLB,31.2,4,3,ARS,68.8,3,0,17/09/2011
BOL,59.3,1,0,NOR,40.7,2,3,17/09/2011
EVE,47.2,3,3,WIG,52.8,1,0,17/09/2011
SWA,53.7,3,3,WBA,46.3,0,0,17/09/2011
WOL,50.4,0,0,QPR,49.6,3,3,17/09/2011
FUL,35.8,2,1,MCI,64.2,2,1,18/09/2011
MUN,56.6,3,3,CHE,43.4,1,0,18/09/2011
SUN,56.7,4,3,STK,43.3,0,0,18/09/2011
TOT,62.3,4,3,LIV,37.7,0,0,18/09/2011
ARS,62.9,3,3,BOL,37.1,0,0,24/09/2011
CHE,49.6,4,3,SWA,50.4,1,0,24/09/2011
LIV,47.9,2,3,WOL,52.1,1,0,24/09/2011
MCI,62.7,2,3,EVE,37.3,0,0,24/09/2011
NEW,63.8,3,3,BLB,36.2,1,0,24/09/2011
STK,41.7,1,1,MUN,58.3,1,1,24/09/2011
WBA,43.1,0,1,FUL,56.9,0,1,24/09/2011
WIG,36.1,1,0,TOT,63.9,2,3,24/09/2011
QPR,59.2,1,1,AVL,40.8,1,1,25/09/2011
NOR,42.7,2,3,SUN,57.3,1,0,26/09/2011
AVL,38.8,2,3,WIG,61.2,0,0,01/10/2011
BLB,33.2,0,0,MCI,66.8,4,3,01/10/2011
EVE,36,0,0,LIV,64,2,3,01/10/2011
MUN,67.5,2,3,NOR,32.5,0,0,01/10/2011
SUN,51.9,2,1,WBA,48.1,2,1,01/10/2011
WOL,54.1,1,0,NEW,45.9,2,3,01/10/2011
BOL,40.9,1,0,CHE,59.1,5,3,02/10/2011
FUL,48.9,6,3,QPR,51.1,0,0,02/10/2011
SWA,59.1,2,3,STK,40.9,0,0,02/10/2011
TOT,38.3,2,3,ARS,61.7,1,0,02/10/2011
CHE,69.2,3,3,EVE,30.8,1,0,15/10/2011
LIV,55.8,1,1,MUN,44.2,1,1,15/10/2011
MCI,64.1,4,3,AVL,35.9,1,0,15/10/2011
NOR,39.8,3,3,SWA,60.2,1,0,15/10/2011
QPR,49.5,1,1,BLB,50.5,1,1,15/10/2011
STK,48.2,2,3,FUL,51.8,0,0,15/10/2011
WIG,54.1,1,0,BOL,45.9,3,3,15/10/2011
ARS,62.7,2,3,SUN,37.3,1,0,16/10/2011
NEW,55,2,1,TOT,45,2,1,16/10/2011
WBA,42,2,3,WOL,58,0,0,16/10/2011
AVL,38.5,1,0,WBA,61.5,2,3,22/10/2011
BOL,51.9,0,0,SUN,48.1,2,3,22/10/2011
LIV,55.4,1,1,NOR,44.6,1,1,22/10/2011
NEW,53.8,1,3,WIG,46.2,0,0,22/10/2011
WOL,47.6,2,1,SWA,52.4,2,1,22/10/2011
ARS,66.5,3,3,STK,33.5,1,0,23/10/2011
BLB,44.5,1,0,TOT,55.5,2,3,23/10/2011
FUL,53.3,1,0,EVE,46.7,3,3,23/10/2011
MUN,49,1,0,MCI,51,6,3,23/10/2011
QPR,41.7,1,3,CHE,58.3,0,0,23/10/2011
CHE,52.1,3,0,ARS,47.9,5,3,29/10/2011
EVE,52.4,0,0,MUN,47.6,1,3,29/10/2011
MCI,50.5,3,3,WOL,49.5,1,0,29/10/2011
NOR,49,3,1,BLB,51,3,1,29/10/2011
SUN,50,2,1,AVL,50,2,1,29/10/2011
SWA,69.5,3,3,BOL,30.5,1,0,29/10/2011
WBA,42.3,0,0,LIV,57.7,2,3,29/10/2011
WIG,54.1,0,0,FUL,45.9,2,3,29/10/2011
TOT,55.8,3,3,QPR,44.2,1,0,30/10/2011
STK,56.4,1,0,NEW,43.6,3,3,31/10/2011
ARS,66.7,3,3,WBA,33.3,0,0,05/11/2011
AVL,47.2,3,3,NOR,52.8,2,0,05/11/2011
BLB,37.7,0,0,CHE,62.3,1,3,05/11/2011
LIV,52.3,0,1,SWA,47.7,0,1,05/11/2011
MUN,57.3,1,3,SUN,42.7,0,0,05/11/2011
NEW,43.7,2,3,EVE,56.3,1,0,05/11/2011
QPR,53.1,2,0,MCI,46.9,3,3,05/11/2011
BOL,61.5,5,3,STK,38.5,0,0,06/11/2011
FUL,53.9,1,0,TOT,46.1,3,3,06/11/2011
WOL,48.4,3,3,WIG,51.6,1,0,06/11/2011
EVE,47.8,2,3,WOL,52.2,1,0,19/11/2011
MCI,64.4,3,3,NEW,35.6,1,0,19/11/2011
NOR,64.4,1,0,ARS,35.6,2,3,19/11/2011
STK,42.5,2,0,QPR,57.5,3,3,19/11/2011
SUN,51.9,0,1,FUL,48.1,0,1,19/11/2011
SWA,50,0,0,MUN,50,1,3,19/11/2011
WBA,53.8,2,3,BOL,46.2,1,0,19/11/2011
WIG,58.5,3,1,BLB,41.5,3,1,19/11/2011
CHE,57.5,1,0,LIV,42.5,2,3,20/11/2011
TOT,70.3,2,3,AVL,29.7,0,0,21/11/2011
ARS,55.6,1,1,FUL,44.4,1,1,26/11/2011
BOL,45.4,0,0,EVE,54.6,2,3,26/11/2011
CHE,52,3,3,WOL,48,0,0,26/11/2011
MUN,59.8,1,1,NEW,40.2,1,1,26/11/2011
NOR,44.1,2,3,QPR,55.9,1,0,26/11/2011
STK,42.2,3,3,BLB,57.8,1,0,26/11/2011
SUN,52.9,1,0,WIG,47.1,2,3,26/11/2011
WBA,43.8,1,0,TOT,56.2,3,3,26/11/2011
LIV,51.3,1,1,MCI,48.7,1,1,27/11/2011
SWA,63,0,1,AVL,37,0,1,27/11/2011
AVL,43.8,0,0,MUN,56.2,1,3,03/12/2011
BLB,31.6,4,3,SWA,68.4,2,0,03/12/2011
MCI,68.8,5,3,NOR,31.2,1,0,03/12/2011
NEW,52.7,0,0,CHE,47.3,3,3,03/12/2011
QPR,48.4,1,1,WBA,51.6,1,1,03/12/2011
TOT,58.9,3,3,BOL,41.1,0,0,03/12/2011
WIG,34.6,0,0,ARS,65.4,4,3,03/12/2011
EVE,67.4,0,0,STK,32.6,1,3,04/12/2011
WOL,54.9,2,3,SUN,45.1,1,0,04/12/2011
FUL,45.4,1,3,LIV,54.6,0,0,05/12/2011
ARS,61.6,1,3,EVE,38.4,0,0,10/12/2011
BOL,54.4,1,0,AVL,45.6,2,3,10/12/2011
LIV,61.9,1,3,QPR,38.1,0,0,10/12/2011
MUN,51,4,3,WOL,49,1,0,10/12/2011
NOR,52.5,4,3,NEW,47.5,2,0,10/12/2011
SWA,56.6,2,3,FUL,43.4,0,0,10/12/2011
WBA,50.9,1,0,WIG,49.1,2,3,10/12/2011
STK,35.9,2,3,TOT,64.1,1,0,11/12/2011
SUN,67.6,2,3,BLB,32.4,1,0,11/12/2011
CHE,49.7,2,3,MCI,50.3,1,0,12/12/2011
BLB,44.3,1,0,WBA,55.7,2,3,17/12/2011
EVE,61.7,1,1,NOR,38.3,1,1,17/12/2011
FUL,51.2,2,3,BOL,48.8,0,0,17/12/2011
NEW,49.3,0,1,SWA,50.7,0,1,17/12/2011
WIG,50.8,1,1,CHE,49.2,1,1,17/12/2011
WOL,54.6,1,0,STK,45.4,2,3,17/12/2011
AVL,47.9,0,0,LIV,52.1,2,3,18/12/2011
MCI,47,1,3,ARS,53,0,0,18/12/2011
QPR,47.3,0,0,MUN,52.7,2,3,18/12/2011
TOT,60.3,1,3,SUN,39.7,0,0,18/12/2011
BLB,47.4,1,0,BOL,52.6,2,3,20/12/2011
WOL,47.4,2,1,NOR,52.6,2,1,20/12/2011
AVL,38.2,1,0,ARS,61.8,2,3,21/12/2011
EVE,45.6,1,3,SWA,54.4,0,0,21/12/2011
FUL,43.5,0,0,MUN,56.5,5,3,21/12/2011
MCI,76,3,3,STK,24,0,0,21/12/2011
NEW,54.9,2,0,WBA,45.1,3,3,21/12/2011
QPR,57.2,2,0,SUN,42.8,3,3,21/12/2011
WIG,44.7,0,1,LIV,55.3,0,1,21/12/2011
TOT,54.8,1,1,CHE,45.2,1,1,22/12/2011
BOL,54.2,0,0,NEW,45.8,2,3,26/12/2011
CHE,52.5,1,1,FUL,47.5,1,1,26/12/2011
LIV,64.6,1,1,BLB,35.4,1,1,26/12/2011
MUN,59.5,5,3,WIG,40.5,0,0,26/12/2011
STK,39.1,0,1,AVL,60.9,0,1,26/12/2011
SUN,48.3,1,1,EVE,51.7,1,1,26/12/2011
WBA,27.4,0,1,MCI,72.6,0,1,26/12/2011
ARS,73.3,1,1,WOL,26.7,1,1,27/12/2011
NOR,40.4,0,0,TOT,59.6,2,3,27/12/2011
SWA,55.8,1,1,QPR,44.2,1,1,27/12/2011
LIV,51.4,3,3,NEW,48.6,1,0,30/12/2011
ARS,59.2,1,3,QPR,40.8,0,0,31/12/2011
BOL,51.4,1,1,WOL,48.6,1,1,31/12/2011
CHE,62,1,0,AVL,38,3,3,31/12/2011
MUN,62.9,2,0,BLB,37.1,3,3,31/12/2011
NOR,51.4,1,1,FUL,48.6,1,1,31/12/2011
STK,49,2,1,WIG,51,2,1,31/12/2011
SWA,49,1,1,TOT,51,1,1,31/12/2011
SUN,31.2,1,3,MCI,68.8,0,0,01/01/2012
WBA,51,0,0,EVE,49,1,3,01/01/2012
AVL,50.4,0,0,SWA,49.6,2,3,02/01/2012
BLB,56.4,1,0,STK,43.6,2,3,02/01/2012
FUL,52.8,2,3,ARS,47.2,1,0,02/01/2012
QPR,39.4,1,0,NOR,60.6,2,3,02/01/2012
WOL,35.3,1,0,CHE,64.7,2,3,02/01/2012
MCI,36,3,3,LIV,64,0,0,03/01/2012
TOT,68.2,1,3,WBA,31.8,0,0,03/01/2012
WIG,63.4,1,0,SUN,36.6,4,3,03/01/2012
EVE,48.8,1,0,BOL,51.2,2,3,04/01/2012
NEW,39.7,3,3,MUN,60.3,0,0,04/01/2012
TOT,62.1,2,3,EVE,37.9,0,0,11/01/2012
AVL,52.6,1,1,EVE,47.4,1,1,14/01/2012
BLB,39.6,3,3,FUL,60.4,1,0,14/01/2012
CHE,60.2,1,3,SUN,39.8,0,0,14/01/2012
LIV,68.7,0,1,STK,31.3,0,1,14/01/2012
MUN,62.8,3,3,BOL,37.2,0,0,14/01/2012
TOT,68.4,1,1,WOL,31.6,1,1,14/01/2012
WBA,54.7,1,0,NOR,45.3,2,3,14/01/2012
NEW,60.8,1,3,QPR,39.2,0,0,15/01/2012
SWA,55.3,3,3,ARS,44.7,2,0,15/01/2012
WIG,46,0,0,MCI,54,1,3,16/01/2012
BOL,38.9,3,3,LIV,61.1,1,0,21/01/2012
EVE,46.1,1,1,BLB,53.9,1,1,21/01/2012
FUL,44.3,5,3,NEW,55.7,2,0,21/01/2012
NOR,41.8,0,1,CHE,58.2,0,1,21/01/2012
QPR,40.3,3,3,WIG,59.7,1,0,21/01/2012
STK,48.3,1,0,WBA,51.7,2,3,21/01/2012
SUN,30.9,2,3,SWA,69.1,0,0,21/01/2012
WOL,49.7,2,0,AVL,50.3,3,3,21/01/2012
ARS,48.6,1,0,MUN,51.4,2,3,22/01/2012
MCI,53.3,3,3,TOT,46.7,2,0,22/01/2012
EVE,32.4,1,3,MCI,67.6,0,0,31/01/2012
MUN,75,2,3,STK,25,0,0,31/01/2012
SWA,46.2,1,1,CHE,53.8,1,1,31/01/2012
TOT,62.3,3,3,WIG,37.7,1,0,31/01/2012
WOL,47.3,0,0,LIV,52.7,3,3,31/01/2012
AVL,68.5,2,1,QPR,31.5,2,1,01/02/2012
BLB,58.5,0,0,NEW,41.5,2,3,01/02/2012
BOL,35.3,0,1,ARS,64.7,0,1,01/02/2012
FUL,62.3,1,1,WBA,37.7,1,1,01/02/2012
SUN,49.1,3,3,NOR,50.9,0,0,01/02/2012
ARS,68.4,7,3,BLB,31.6,1,0,04/02/2012
MCI,46.9,3,3,FUL,53.1,0,0,04/02/2012
NOR,52.3,2,3,BOL,47.7,0,0,04/02/2012
QPR,39,1,0,WOL,61,2,3,04/02/2012
STK,48.9,0,0,SUN,51.1,1,3,04/02/2012
WBA,36.6,1,0,SWA,63.4,2,3,04/02/2012
WIG,52.3,1,1,EVE,47.7,1,1,04/02/2012
CHE,44.2,3,1,MUN,55.8,3,1,05/02/2012
NEW,51,2,3,AVL,49,1,0,05/02/2012
LIV,52,0,1,TOT,48,0,1,06/02/2012
BLB,41.9,3,3,QPR,58.1,2,0,11/02/2012
BOL,41.9,1,0,WIG,58.1,2,3,11/02/2012
EVE,33.1,2,3,CHE,66.9,0,0,11/02/2012
FUL,53.2,2,3,STK,46.8,1,0,11/02/2012
MUN,54.9,2,3,LIV,45.1,1,0,11/02/2012
SUN,30.6,1,0,ARS,69.4,2,3,11/02/2012
SWA,55.3,2,0,NOR,44.7,3,3,11/02/2012
TOT,65.4,5,3,NEW,34.6,0,0,11/02/2012
AVL,36.1,0,0,MCI,63.9,1,3,12/02/2012
WOL,54,1,0,WBA,46,5,3,12/02/2012
CHE,59.1,3,3,BOL,40.9,0,0,25/02/2012
MCI,77.7,3,3,BLB,22.3,0,0,25/02/2012
NEW,45.8,2,1,WOL,54.2,2,1,25/02/2012
QPR,44.2,0,0,FUL,55.8,1,3,25/02/2012
WBA,60.6,4,3,SUN,39.4,0,0,25/02/2012
WIG,60.7,0,1,AVL,39.3,0,1,25/02/2012
ARS,56.9,5,3,TOT,43.1,2,0,26/02/2012
NOR,43.4,1,0,MUN,56.6,2,3,26/02/2012
STK,26.4,2,3,SWA,73.6,0,0,26/02/2012
BLB,54.7,1,1,AVL,45.3,1,1,03/03/2012
LIV,54,1,0,ARS,46,2,3,03/03/2012
MCI,64.4,2,3,BOL,35.6,0,0,03/03/2012
QPR,49.1,1,1,EVE,50.9,1,1,03/03/2012
STK,47.9,1,3,NOR,52.1,0,0,03/03/2012
WBA,45.7,1,3,CHE,54.3,0,0,03/03/2012
WIG,51.1,0,0,SWA,48.9,2,3,03/03/2012
FUL,58.2,5,3,WOL,41.8,0,0,04/03/2012
NEW,63.1,1,1,SUN,36.9,1,1,04/03/2012
TOT,52.1,1,0,MUN,47.9,3,3,04/03/2012
AVL,51.2,1,3,FUL,48.8,0,0,10/03/2012
BOL,53.2,2,3,QPR,46.8,1,0,10/03/2012
CHE,71.4,1,3,STK,28.6,0,0,10/03/2012
EVE,37.9,1,3,TOT,62.1,0,0,10/03/2012
SUN,38.2,1,3,LIV,61.8,0,0,10/03/2012
WOL,60.1,0,0,BLB,39.9,2,3,10/03/2012
MUN,65.3,2,3,WBA,34.7,0,0,11/03/2012
NOR,44.9,1,1,WIG,55.1,1,1,11/03/2012
SWA,55.4,1,3,MCI,44.6,0,0,11/03/2012
ARS,60.9,2,3,NEW,39.1,1,0,12/03/2012
LIV,51.1,3,3,EVE,48.9,0,0,13/03/2012
FUL,38.1,0,0,SWA,61.9,3,3,17/03/2012
WIG,60.4,1,1,WBA,39.6,1,1,17/03/2012
NEW,44.2,1,3,NOR,55.8,0,0,18/03/2012
WOL,41.1,0,0,MUN,58.9,5,3,18/03/2012
BLB,41.1,2,3,SUN,58.9,0,0,18/03/2012
EVE,41.1,0,0,ARS,58.9,1,3,18/03/2012
MCI,60.4,2,3,CHE,39.6,1,0,21/03/2012
QPR,43.5,3,3,LIV,56.5,2,0,21/03/2012
TOT,64,1,1,STK,36,1,1,21/03/2012
ARS,71.5,3,3,AVL,28.5,0,0,24/03/2012
BOL,58.7,2,3,BLB,41.3,1,0,24/03/2012
CHE,45.4,0,1,TOT,54.6,0,1,24/03/2012
LIV,56.9,1,0,WIG,43.1,2,3,24/03/2012
NOR,62.4,2,3,WOL,37.6,1,0,24/03/2012
STK,32.5,1,1,MCI,67.5,1,1,24/03/2012
SUN,51.5,3,3,QPR,48.5,1,0,24/03/2012
SWA,62,0,0,EVE,38,2,3,24/03/2012
WBA,51.1,1,0,NEW,48.9,3,3,25/03/2012
MUN,59.5,1,3,FUL,40.5,0,0,26/03/2012
AVL,44.4,2,0,CHE,55.6,4,3,31/03/2012
EVE,53.3,2,3,WBA,46.7,0,0,31/03/2012
FUL,38.1,2,3,NOR,61.9,1,0,31/03/2012
MCI,64.1,3,1,SUN,35.9,3,1,31/03/2012
QPR,32.3,2,3,ARS,67.7,1,0,31/03/2012
WIG,60.8,2,3,STK,39.2,0,0,31/03/2012
WOL,50.9,2,0,BOL,49.1,3,3,31/03/2012
NEW,48.6,2,3,LIV,51.4,0,0,01/04/2012
TOT,40.7,3,3,SWA,59.3,1,0,01/04/2012
BLB,26.7,0,0,MUN,73.3,2,3,02/04/2012
SWA,77,0,0,NEW,23,2,3,06/04/2012
BOL,52.4,0,0,FUL,47.6,3,3,07/04/2012
CHE,54.7,2,3,WIG,45.3,1,0,07/04/2012
LIV,69.6,1,1,AVL,30.4,1,1,07/04/2012
NOR,48.3,2,1,EVE,51.7,2,1,07/04/2012
STK,46.2,2,3,WOL,53.8,1,0,07/04/2012
SUN,29.3,0,1,TOT,70.7,0,1,07/04/2012
WBA,47.2,3,3,BLB,52.8,0,0,07/04/2012
ARS,64.5,1,3,MCI,35.5,0,0,08/04/2012
MUN,72.4,2,3,QPR,27.6,0,0,08/04/2012
AVL,53.7,1,1,STK,46.3,1,1,09/04/2012
EVE,58.5,4,3,SUN,41.5,0,0,09/04/2012
FUL,46.6,1,1,CHE,53.4,1,1,09/04/2012
NEW,50.9,2,3,BOL,49.1,0,0,09/04/2012
TOT,58.8,1,0,NOR,41.2,2,3,09/04/2012
BLB,52.2,2,0,LIV,47.8,3,3,10/04/2012
MCI,64.9,4,3,WBA,35.1,0,0,11/04/2012
QPR,40.2,3,3,SWA,59.8,0,0,11/04/2012
WIG,44.9,1,3,MUN,55.1,0,0,11/04/2012
WOL,28,0,0,ARS,72,3,3,11/04/2012
NOR,47.4,1,0,MCI,52.6,6,3,14/04/2012
SUN,51.1,0,1,WOL,48.9,0,1,14/04/2012
SWA,73.2,3,3,BLB,26.8,0,0,14/04/2012
WBA,47.9,1,3,QPR,52.1,0,0,14/04/2012
MUN,65.3,4,3,AVL,34.7,0,0,15/04/2012
ARS,64.3,1,0,WIG,35.7,2,3,16/04/2012
ARS,56.7,0,1,CHE,43.3,0,1,21/04/2012
AVL,44.6,0,1,SUN,55.4,0,1,21/04/2012
BLB,42.7,2,3,NOR,57.3,0,0,21/04/2012
BOL,38.1,1,1,SWA,61.9,1,1,21/04/2012
FUL,51.2,2,3,WIG,48.8,1,0,21/04/2012
NEW,58.1,3,3,STK,41.9,0,0,21/04/2012
QPR,31,1,3,TOT,69,0,0,21/04/2012
LIV,63.3,0,0,WBA,36.7,1,3,22/04/2012
MUN,52.5,4,1,EVE,47.5,4,1,22/04/2012
WOL,51.8,0,0,MCI,48.2,2,3,22/04/2012
AVL,43.8,1,0,BOL,56.2,2,3,24/04/2012
EVE,52.4,4,3,FUL,47.6,0,0,28/04/2012
NOR,44.4,0,0,LIV,55.6,3,3,28/04/2012
STK,37.1,1,1,ARS,62.9,1,1,28/04/2012
SUN,52,2,1,BOL,48,2,1,28/04/2012
SWA,55,4,1,WOL,45,4,1,28/04/2012
WBA,55.5,0,1,AVL,44.5,0,1,28/04/2012
WIG,57.1,4,3,NEW,42.9,0,0,28/04/2012
CHE,56.7,6,3,QPR,43.3,1,0,29/04/2012
TOT,70.6,2,3,BLB,29.4,0,0,29/04/2012
MCI,52.5,1,3,MUN,47.5,0,0,30/04/2012
LIV,59.5,0,0,FUL,40.5,1,3,01/05/2012
STK,39.1,1,1,EVE,60.9,1,1,01/05/2012
BOL,46.9,1,0,TOT,53.1,4,3,02/05/2012
CHE,63.4,0,0,NEW,36.6,2,3,02/05/2012
ARS,63.4,3,1,NOR,36.6,3,1,05/05/2012
AVL,37.5,1,1,TOT,62.5,1,1,06/05/2012
BOL,37.6,2,1,WBA,62.4,2,1,06/05/2012
FUL,56.8,2,3,SUN,43.2,1,0,06/05/2012
MUN,59.8,2,3,SWA,40.2,0,0,06/05/2012
NEW,43.7,0,0,MCI,56.3,2,3,06/05/2012
QPR,54.6,1,3,STK,45.4,0,0,06/05/2012
WOL,43.2,0,1,EVE,56.8,0,1,06/05/2012
BLB,36.7,0,0,WIG,63.3,1,3,07/05/2012
LIV,53.2,4,3,CHE,46.8,1,0,08/05/2012
CHE,58.4,2,3,BLB,41.6,1,0,13/05/2012
EVE,46.9,3,3,NEW,53.1,1,0,13/05/2012
MCI,81.3,3,3,QPR,18.7,2,0,13/05/2012
NOR,58.9,2,3,AVL,41.1,0,0,13/05/2012
STK,50.9,2,1,BOL,49.1,2,1,13/05/2012
SUN,35.5,0,0,MUN,64.5,1,3,13/05/2012
SWA,62.4,1,3,LIV,37.6,0,0,13/05/2012
TOT,51,2,3,FUL,49,0,0,13/05/2012
WBA,41.7,2,0,ARS,58.3,3,3,13/05/2012
WIG,52,3,3,WOL,48,2,0,13/05/2012
ARS,70.1,0,1,SUN,29.9,0,1,18/08/2012
FUL,59.8,5,3,NOR,40.2,0,0,18/08/2012
NEW,51.9,2,3,TOT,48.1,1,0,18/08/2012
QPR,49.9,0,0,SWA,50.1,5,3,18/08/2012
RDG,52.6,1,1,STK,47.4,1,1,18/08/2012
WBA,40.5,3,3,LIV,59.5,0,0,18/08/2012
WHU,34.2,1,3,AVL,65.8,0,0,18/08/2012
MCI,64.1,3,3,SOU,35.9,2,0,19/08/2012
WIG,52,0,0,CHE,48,2,3,19/08/2012
EVE,30.8,1,3,MUN,69.2,0,0,20/08/2012
CHE,71.6,4,3,RDG,28.4,2,0,22/08/2012
AVL,39.2,1,0,EVE,60.8,3,3,25/08/2012
CHE,52.5,2,3,NEW,47.5,0,0,25/08/2012
MUN,59.9,3,3,FUL,40.1,2,0,25/08/2012
NOR,55.1,1,1,QPR,44.9,1,1,25/08/2012
SOU,49.2,0,0,WIG,50.8,2,3,25/08/2012
SWA,62.2,3,3,WHU,37.8,0,0,25/08/2012
TOT,59,1,1,WBA,41,1,1,25/08/2012
LIV,48.7,2,1,MCI,51.3,2,1,26/08/2012
STK,33.3,0,1,ARS,66.7,0,1,26/08/2012
MCI,59.9,3,3,QPR,40.1,1,0,01/09/2012
SWA,63.8,2,1,SUN,36.2,2,1,01/09/2012
TOT,61.6,1,1,NOR,38.4,1,1,01/09/2012
WBA,44.3,2,3,EVE,55.7,0,0,01/09/2012
WHU,45.1,3,3,FUL,54.9,0,0,01/09/2012
WIG,68.7,2,1,STK,31.3,2,1,01/09/2012
LIV,53,0,0,ARS,47,2,3,02/09/2012
NEW,51.7,1,1,AVL,48.3,1,1,02/09/2012
SOU,45.1,2,0,MUN,54.9,3,3,02/09/2012
ARS,50,6,3,SOU,50,1,0,15/09/2012
AVL,42.1,2,3,SWA,57.9,0,0,15/09/2012
FUL,63,3,3,WBA,37,0,0,15/09/2012
MUN,52.2,4,3,WIG,47.8,0,0,15/09/2012
NOR,48.9,0,1,WHU,51.1,0,1,15/09/2012
QPR,48.9,0,1,CHE,51.1,0,1,15/09/2012
STK,33.8,1,1,MCI,66.2,1,1,15/09/2012
SUN,34.1,1,1,LIV,65.9,1,1,15/09/2012
RDG,42.3,1,0,TOT,57.7,3,3,16/09/2012
EVE,58.3,2,1,NEW,41.7,2,1,17/09/2012
CHE,59.7,1,3,STK,40.3,0,0,22/09/2012
SOU,60.4,4,3,AVL,39.6,1,0,22/09/2012
SWA,48.5,0,0,EVE,51.5,3,3,22/09/2012
WBA,52.9,1,3,RDG,47.1,0,0,22/09/2012
WHU,61.3,1,1,SUN,38.7,1,1,22/09/2012
WIG,63.6,1,0,FUL,36.4,2,3,22/09/2012
LIV,52,1,0,MUN,48,2,3,23/09/2012
MCI,41.2,1,1,ARS,58.8,1,1,23/09/2012
NEW,52.8,1,3,NOR,47.2,0,0,23/09/2012
TOT,43.3,2,3,QPR,56.7,1,0,23/09/2012
ARS,51.4,1,0,CHE,48.6,2,3,29/09/2012
EVE,52.4,3,3,SOU,47.6,1,0,29/09/2012
FUL,28.9,1,0,MCI,71.1,2,3,29/09/2012
MUN,74.1,2,0,TOT,25.9,3,3,29/09/2012
NOR,32.9,2,0,LIV,67.1,5,3,29/09/2012
RDG,47.4,2,1,NEW,52.6,2,1,29/09/2012
STK,39,2,3,SWA,61,0,0,29/09/2012
SUN,49.8,1,3,WIG,50.2,0,0,29/09/2012
AVL,57.4,1,1,WBA,42.6,1,1,30/09/2012
QPR,50.5,1,0,WHU,49.5,2,3,01/10/2012
CHE,68.9,4,3,NOR,31.1,1,0,06/10/2012
MCI,60.5,3,3,SUN,39.5,0,0,06/10/2012
SWA,71.5,2,1,RDG,28.5,2,1,06/10/2012
WBA,44.9,3,3,QPR,55.1,2,0,06/10/2012
WHU,31.3,1,0,ARS,68.7,3,3,06/10/2012
WIG,46.1,2,1,EVE,53.9,2,1,06/10/2012
LIV,62.9,0,1,STK,37.1,0,1,07/10/2012
NEW,45.5,0,0,MUN,54.5,3,3,07/10/2012
SOU,41.9,2,1,FUL,58.1,2,1,07/10/2012
TOT,55.9,2,3,AVL,44.1,0,0,07/10/2012
FUL,50.7,1,3,AVL,49.3,0,0,20/10/2012
LIV,56.8,1,3,RDG,43.2,0,0,20/10/2012
MUN,64,4,3,STK,36,2,0,20/10/2012
NOR,28,1,3,ARS,72,0,0,20/10/2012
SWA,47.6,2,3,WIG,52.4,1,0,20/10/2012
TOT,42.2,2,0,CHE,57.8,4,3,20/10/2012
WBA,43.9,1,0,MCI,56.1,2,3,20/10/2012
WHU,38.7,4,3,SOU,61.3,1,0,20/10/2012
QPR,57,1,1,EVE,43,1,1,21/10/2012
SUN,65.5,1,1,NEW,34.5,1,1,21/10/2012
ARS,66.5,1,3,QPR,33.5,0,0,27/10/2012
AVL,41.5,1,1,NOR,58.5,1,1,27/10/2012
MCI,53.7,1,3,SWA,46.3,0,0,27/10/2012
RDG,34.1,3,1,FUL,65.9,3,1,27/10/2012
STK,52.2,0,1,SUN,47.8,0,1,27/10/2012
WIG,54.4,2,3,WHU,45.6,1,0,27/10/2012
CHE,48.7,2,0,MUN,51.3,3,3,28/10/2012
EVE,56.2,2,1,LIV,43.8,2,1,28/10/2012
NEW,50.4,2,3,WBA,49.6,1,0,28/10/2012
SOU,52.3,1,0,TOT,47.7,2,3,28/10/2012
FUL,40.9,2,1,EVE,59.1,2,1,03/11/2012
MUN,47.7,2,3,ARS,52.3,1,0,03/11/2012
NOR,43.6,1,3,STK,56.4,0,0,03/11/2012
SUN,55.6,0,0,AVL,44.4,1,3,03/11/2012
SWA,52.2,1,1,CHE,47.8,1,1,03/11/2012
TOT,51.1,0,0,WIG,48.9,1,3,03/11/2012
WHU,35,0,1,MCI,65,0,1,03/11/2012
LIV,65.3,1,1,NEW,34.7,1,1,04/11/2012
QPR,56.1,1,1,RDG,43.9,1,1,04/11/2012
WBA,43.5,2,3,SOU,56.5,0,0,05/11/2012
ARS,56.4,3,1,FUL,43.6,3,1,10/11/2012
AVL,30.5,2,0,MUN,69.5,3,3,10/11/2012
EVE,62.6,2,3,SUN,37.4,1,0,10/11/2012
RDG,49.3,0,1,NOR,50.7,0,1,10/11/2012
SOU,48.4,1,1,SWA,51.6,1,1,10/11/2012
STK,45.1,1,3,QPR,54.9,0,0,10/11/2012
WIG,65.9,1,0,WBA,34.1,2,3,10/11/2012
CHE,43.1,1,1,LIV,56.9,1,1,11/11/2012
MCI,61.9,2,3,TOT,38.1,1,0,11/11/2012
NEW,49.8,0,0,WHU,50.2,1,3,11/11/2012
ARS,65.8,5,3,TOT,34.2,2,0,17/11/2012
LIV,48.9,3,3,WIG,51.1,0,0,17/11/2012
MCI,66.6,5,3,AVL,33.4,0,0,17/11/2012
NEW,52,1,0,SWA,48,2,3,17/11/2012
NOR,37.7,1,3,MUN,62.3,0,0,17/11/2012
QPR,46.8,1,0,SOU,53.2,3,3,17/11/2012
RDG,39.6,2,3,EVE,60.4,1,0,17/11/2012
WBA,35.3,2,3,CHE,64.7,1,0,17/11/2012
FUL,49.3,1,0,SUN,50.7,3,3,18/11/2012
WHU,58,1,1,STK,42,1,1,19/11/2012
AVL,37.4,0,1,ARS,62.6,0,1,24/11/2012
EVE,57.9,1,1,NOR,42.1,1,1,24/11/2012
MUN,62.5,3,3,QPR,37.5,1,0,24/11/2012
STK,40.3,1,3,FUL,59.7,0,0,24/11/2012
SUN,49,2,0,WBA,51,4,3,24/11/2012
WIG,66.7,3,3,RDG,33.3,2,0,24/11/2012
CHE,42.3,0,1,MCI,57.7,0,1,25/11/2012
SOU,49.1,2,3,NEW,50.9,0,0,25/11/2012
SWA,49.5,0,1,LIV,50.5,0,1,25/11/2012
TOT,59.4,3,3,WHU,40.6,1,0,25/11/2012
AVL,55.2,1,3,RDG,44.8,0,0,27/11/2012
SUN,50.2,0,1,QPR,49.8,0,1,27/11/2012
CHE,59.7,0,1,FUL,40.3,0,1,28/11/2012
EVE,42.6,1,1,ARS,57.4,1,1,28/11/2012
MUN,66.1,1,3,WHU,33.9,0,0,28/11/2012
SOU,57.8,1,1,NOR,42.2,1,1,28/11/2012
STK,52.2,2,3,NEW,47.8,1,0,28/11/2012
SWA,64.7,3,3,WBA,35.3,1,0,28/11/2012
TOT,35,2,3,LIV,65,1,0,28/11/2012
WIG,45.6,0,0,MCI,54.4,2,3,28/11/2012
ARS,52.5,0,0,SWA,47.5,2,3,01/12/2012
FUL,45.8,0,0,TOT,54.2,3,3,01/12/2012
LIV,63.9,1,3,SOU,36.1,0,0,01/12/2012
MCI,59.2,1,1,EVE,40.8,1,1,01/12/2012
QPR,59.2,1,1,AVL,40.8,1,1,01/12/2012
RDG,41.7,3,0,MUN,58.3,4,3,01/12/2012
WBA,57.2,0,0,STK,42.8,1,3,01/12/2012
WHU,42.2,3,3,CHE,57.8,1,0,01/12/2012
NOR,49.6,2,3,SUN,50.4,1,0,02/12/2012
NEW,50.2,3,3,WIG,49.8,0,0,03/12/2012
ARS,59,2,3,WBA,41,0,0,08/12/2012
AVL,56.3,0,1,STK,43.7,0,1,08/12/2012
SOU,65.1,1,3,RDG,34.9,0,0,08/12/2012
SUN,45.3,1,0,CHE,54.7,3,3,08/12/2012
SWA,66.8,3,0,NOR,33.2,4,3,08/12/2012
WIG,66.8,2,1,QPR,33.2,2,1,08/12/2012
EVE,49.6,2,3,TOT,50.4,1,0,09/12/2012
MCI,56.2,2,0,MUN,43.8,3,3,09/12/2012
WHU,56.2,2,0,LIV,43.8,3,3,09/12/2012
FUL,56.2,2,3,NEW,43.8,1,0,09/12/2012
SUN,49.3,3,3,RDG,50.7,0,0,11/12/2012
LIV,72.1,1,0,AVL,27.9,3,3,15/12/2012
MUN,61.5,3,3,SUN,38.5,1,0,15/12/2012
NEW,53.7,1,0,MCI,46.3,3,3,15/12/2012
NOR,48.2,2,3,WIG,51.8,1,0,15/12/2012
QPR,44.9,2,3,FUL,55.1,1,0,15/12/2012
STK,48.7,1,1,EVE,51.3,1,1,15/12/2012
TOT,49.9,1,3,SWA,50.1,0,0,16/12/2012
WBA,49.9,0,1,WHU,50.1,0,1,16/12/2012
RDG,32.9,2,0,ARS,67.1,5,3,17/12/2012
LIV,55.6,4,3,FUL,44.4,0,0,22/12/2012
MCI,73.3,1,3,RDG,26.7,0,0,22/12/2012
NEW,58.6,1,3,QPR,41.4,0,0,22/12/2012
SOU,57.6,0,0,SUN,42.4,1,3,22/12/2012
TOT,63.2,0,1,STK,36.8,0,1,22/12/2012
WBA,49.6,2,3,NOR,50.4,1,0,22/12/2012
WHU,37.7,1,0,EVE,62.3,2,3,22/12/2012
WIG,50.4,0,0,ARS,49.6,1,3,22/12/2012
CHE,56.6,8,3,AVL,43.4,0,0,23/12/2012
SWA,40.3,1,1,MUN,59.7,1,1,23/12/2012
AVL,40.9,0,0,TOT,59.1,4,3,26/12/2012
EVE,40.9,2,3,WIG,59.1,1,0,26/12/2012
FUL,50.6,1,1,SOU,49.4,1,1,26/12/2012
MUN,60.7,4,3,NEW,39.3,3,0,26/12/2012
NOR,36.9,0,0,CHE,63.1,1,3,26/12/2012
QPR,49.8,1,0,WBA,50.2,2,3,26/12/2012
RDG,28,0,1,SWA,72,0,1,26/12/2012
STK,37.6,3,3,LIV,62.4,1,0,26/12/2012
SUN,33,1,3,MCI,67,0,0,26/12/2012
ARS,44.2,7,3,NEW,55.8,3,0,29/12/2012
AVL,45.9,0,0,WIG,54.1,3,3,29/12/2012
FUL,59.4,1,0,SWA,40.6,2,3,29/12/2012
MUN,58,2,3,WBA,42,0,0,29/12/2012
NOR,46.4,3,0,MCI,53.6,4,3,29/12/2012
RDG,33.8,1,3,WHU,66.2,0,0,29/12/2012
STK,54.9,3,1,SOU,45.1,3,1,29/12/2012
SUN,44.7,1,0,TOT,55.3,2,3,29/12/2012
EVE,48,1,0,CHE,52,2,3,30/12/2012
QPR,33.5,0,0,LIV,66.5,3,3,30/12/2012
MCI,61.6,3,3,STK,38.4,0,0,01/01/2013
SOU,44.1,1,1,ARS,55.9,1,1,01/01/2013
SWA,69.5,2,1,AVL,30.5,2,1,01/01/2013
TOT,68,3,3,RDG,32,1,0,01/01/2013
WBA,44.7,1,0,FUL,55.3,2,3,01/01/2013
WHU,50.5,2,3,NOR,49.5,1,0,01/01/2013
WIG,52.8,0,0,MUN,47.2,4,3,01/01/2013
CHE,63.9,0,0,QPR,36.1,1,3,02/01/2013
LIV,66.2,3,3,SUN,33.8,0,0,02/01/2013
NEW,50.5,1,0,EVE,49.5,2,3,02/01/2013
AVL,51,0,0,SOU,49,1,3,12/01/2013
EVE,55.3,0,1,SWA,44.7,0,1,12/01/2013
FUL,49.2,1,1,WIG,50.8,1,1,12/01/2013
NOR,54.7,0,1,NEW,45.3,0,1,12/01/2013
QPR,38.1,0,1,TOT,61.9,0,1,12/01/2013
RDG,57.5,3,3,WBA,42.5,2,0,12/01/2013
STK,43.4,0,0,CHE,56.6,4,3,12/01/2013
SUN,48,3,3,WHU,52,0,0,12/01/2013
ARS,40,0,0,MCI,60,2,3,13/01/2013
MUN,46,2,3,LIV,54,1,0,13/01/2013
CHE,58.6,2,1,SOU,41.4,2,1,16/01/2013
LIV,67.7,5,3,NOR,32.3,0,0,19/01/2013
MCI,45.5,2,3,FUL,54.5,0,0,19/01/2013
NEW,55.6,1,0,RDG,44.4,2,3,19/01/2013
SWA,56.1,3,3,STK,43.9,1,0,19/01/2013
WBA,57.4,2,1,AVL,42.6,2,1,19/01/2013
WHU,69.6,1,1,QPR,30.4,1,1,19/01/2013
WIG,70.4,2,0,SUN,29.6,3,3,19/01/2013
CHE,50.3,2,3,ARS,49.7,1,0,20/01/2013
TOT,51,1,1,MUN,49,1,1,20/01/2013
SOU,53.4,0,1,EVE,46.6,0,1,21/01/2013
ARS,69.1,5,3,WHU,30.9,1,0,23/01/2013
AVL,51.7,1,0,NEW,48.3,2,3,29/01/2013
QPR,31.3,0,1,MCI,68.7,0,1,29/01/2013
STK,36.9,2,1,WIG,63.1,2,1,29/01/2013
SUN,36.1,0,1,SWA,63.9,0,1,29/01/2013
ARS,61.8,2,1,LIV,38.2,2,1,30/01/2013
EVE,55.9,2,3,WBA,44.1,1,0,30/01/2013
FUL,44,3,3,WHU,56,1,0,30/01/2013
MUN,42.7,2,3,SOU,57.3,1,0,30/01/2013
NOR,41.6,1,1,TOT,58.4,1,1,30/01/2013
RDG,32.4,2,1,CHE,67.6,2,1,30/01/2013
ARS,65.4,1,3,STK,34.6,0,0,02/02/2013
EVE,68.3,3,1,AVL,31.7,3,1,02/02/2013
FUL,44.8,0,0,MUN,55.2,1,3,02/02/2013
NEW,45.8,3,3,CHE,54.2,2,0,02/02/2013
QPR,49.7,0,1,NOR,50.3,0,1,02/02/2013
RDG,48.6,2,3,SUN,51.4,1,0,02/02/2013
WHU,35.9,1,3,SWA,64.1,0,0,02/02/2013
WIG,45.4,2,1,SOU,54.6,2,1,02/02/2013
MCI,45.7,2,1,LIV,54.3,2,1,03/02/2013
WBA,30.3,0,0,TOT,69.7,1,3,03/02/2013
CHE,53,4,3,WIG,47,1,0,09/02/2013
NOR,43.1,0,1,FUL,56.9,0,1,09/02/2013
SOU,44.3,3,3,MCI,55.7,1,0,09/02/2013
STK,58.1,2,3,RDG,41.9,1,0,09/02/2013
SUN,38.7,0,0,ARS,61.3,1,3,09/02/2013
SWA,62.5,4,3,QPR,37.5,1,0,09/02/2013
TOT,54.3,2,3,NEW,45.7,1,0,09/02/2013
AVL,48.2,2,3,WHU,51.8,1,0,10/02/2013
MUN,48.2,2,3,EVE,51.8,0,0,10/02/2013
LIV,48.2,0,0,WBA,51.8,2,3,10/02/2013
LIV,54.3,5,3,SWA,45.7,0,0,17/02/2013
ARS,63.9,2,3,AVL,36.1,1,0,23/02/2013
FUL,60.7,1,3,STK,39.3,0,0,23/02/2013
NOR,44.8,2,3,EVE,55.2,1,0,23/02/2013
QPR,48.4,0,0,MUN,51.6,2,3,23/02/2013
RDG,29.9,0,0,WIG,70.1,3,3,23/02/2013
WBA,58.9,2,3,SUN,41.1,1,0,23/02/2013
MCI,47,2,3,CHE,53,0,0,24/02/2013
NEW,41.4,4,3,SOU,58.6,2,0,24/02/2013
WHU,38.3,2,0,TOT,61.7,3,3,25/02/2013
CHE,52.9,1,3,WBA,47.1,0,0,02/03/2013
EVE,60,3,3,RDG,40,1,0,02/03/2013
MUN,65,4,3,NOR,35,0,0,02/03/2013
SOU,67,1,0,QPR,33,2,3,02/03/2013
STK,67,0,0,WHU,33,1,3,02/03/2013
SUN,49.5,2,1,FUL,50.5,2,1,02/03/2013
SWA,63.1,1,3,NEW,36.9,0,0,02/03/2013
WIG,52.1,0,0,LIV,47.9,4,3,02/03/2013
TOT,39.5,2,3,ARS,60.5,1,0,03/03/2013
AVL,39.5,0,0,MCI,60.5,1,3,03/03/2013
NOR,40.9,0,1,SOU,59.1,0,1,09/03/2013
QPR,49.7,3,3,SUN,50.3,1,0,09/03/2013
RDG,41.5,1,0,AVL,58.5,2,3,09/03/2013
WBA,44.2,2,3,SWA,55.8,1,0,09/03/2013
LIV,46.5,3,3,TOT,53.5,2,0,10/03/2013
NEW,56.2,2,3,STK,43.8,1,0,10/03/2013
AVL,60.1,3,3,QPR,39.9,2,0,16/03/2013
EVE,40.6,2,3,MCI,59.4,0,0,16/03/2013
MUN,56.8,1,3,RDG,43.2,0,0,16/03/2013
SOU,47.9,3,3,LIV,52.1,1,0,16/03/2013
STK,48.5,0,1,WBA,51.5,0,1,16/03/2013
SWA,48.5,0,0,ARS,51.5,2,3,16/03/2013
CHE,48.5,2,3,WHU,51.5,0,0,16/03/2013
SUN,65.1,1,1,NOR,34.9,1,1,17/03/2013
TOT,59.5,0,0,FUL,40.5,1,3,17/03/2013
WIG,49.8,2,3,NEW,50.2,1,0,17/03/2013
ARS,70.1,4,3,RDG,29.9,1,0,30/03/2013
EVE,54,1,3,STK,46,0,0,30/03/2013
MCI,63.6,4,3,NEW,36.4,0,0,30/03/2013
SOU,50.8,2,3,CHE,49.2,1,0,30/03/2013
SUN,38.6,0,0,MUN,61.4,1,3,30/03/2013
SWA,62.7,1,0,TOT,37.3,2,3,30/03/2013
WHU,39.5,3,3,WBA,60.5,1,0,30/03/2013
WIG,52.8,1,3,NOR,47.2,0,0,30/03/2013
AVL,46.5,1,0,LIV,53.5,2,3,31/03/2013
FUL,48.3,3,3,QPR,51.7,2,0,01/04/2013
NOR,34.7,2,1,SWA,65.3,2,1,06/04/2013
RDG,39.4,0,0,SOU,60.6,2,3,06/04/2013
STK,45.6,1,0,AVL,54.4,3,3,06/04/2013
WBA,51.9,1,0,ARS,48.1,2,3,06/04/2013
CHE,61.7,2,3,SUN,38.3,1,0,07/04/2013
LIV,65,0,1,WHU,35,0,1,07/04/2013
NEW,49.6,1,3,FUL,50.4,0,0,07/04/2013
QPR,32.1,1,1,WIG,67.9,1,1,07/04/2013
TOT,61.9,2,1,EVE,38.1,2,1,07/04/2013
MUN,45,1,0,MCI,55,2,3,08/04/2013
ARS,45,3,3,NOR,55,1,0,08/04/2013
AVL,48.7,1,1,FUL,51.3,1,1,13/04/2013
EVE,60.2,2,3,QPR,39.8,0,0,13/04/2013
RDG,39.9,0,1,LIV,60.1,0,1,13/04/2013
SOU,61.2,1,1,WHU,38.8,1,1,13/04/2013
NEW,65.8,0,0,SUN,34.2,3,3,14/04/2013
STK,42.2,0,0,MUN,57.8,2,3,14/04/2013
ARS,56.8,0,1,EVE,43.2,0,1,16/04/2013
FUL,52.8,0,0,CHE,47.2,3,3,17/04/2013
MCI,52.8,1,3,WIG,47.2,0,0,17/04/2013
WHU,33.5,2,1,MUN,66.5,2,1,17/04/2013
FUL,28.8,0,0,ARS,71.2,1,3,20/04/2013
NOR,28.8,2,3,RDG,71.2,1,0,20/04/2013
QPR,48.9,0,0,STK,51.1,2,3,20/04/2013
SUN,36.4,1,3,EVE,63.6,0,0,20/04/2013
SWA,54.7,0,1,SOU,45.3,0,1,20/04/2013
WBA,57.2,1,1,NEW,42.8,1,1,20/04/2013
WHU,36.6,2,3,WIG,63.4,0,0,20/04/2013
LIV,57,2,1,CHE,43,2,1,21/04/2013
TOT,45.3,3,3,MCI,54.7,1,0,21/04/2013
MUN,51.9,3,3,AVL,48.1,0,0,22/04/2013
EVE,53.9,1,3,FUL,46.1,0,0,27/04/2013
MCI,62,2,3,WHU,38,1,0,27/04/2013
NEW,53.2,0,0,LIV,46.8,6,3,27/04/2013
SOU,61.7,0,0,WBA,38.3,3,3,27/04/2013
STK,47.5,1,3,NOR,52.5,0,0,27/04/2013
WIG,39,2,1,TOT,61,2,1,27/04/2013
ARS,51.8,1,1,MUN,48.2,1,1,28/04/2013
CHE,51.8,2,3,SWA,48.2,0,0,28/04/2013
RDG,46.1,0,1,QPR,53.9,0,1,28/04/2013
AVL,55.5,6,3,SUN,44.5,1,0,29/04/2013
FUL,49,2,0,RDG,51,4,3,04/05/2013
NOR,53.7,1,0,AVL,46.3,2,3,04/05/2013
QPR,41.2,0,0,ARS,58.8,1,3,04/05/2013
SWA,38.1,0,1,MCI,61.9,0,1,04/05/2013
TOT,49.5,1,3,SOU,50.5,0,0,04/05/2013
WBA,47.9,2,0,WIG,52.1,3,3,04/05/2013
WHU,45.8,0,1,NEW,54.2,0,1,04/05/2013
LIV,54.8,0,1,EVE,45.2,0,1,05/05/2013
MUN,48.7,0,0,CHE,51.3,1,3,05/05/2013
SUN,47.6,1,1,STK,52.4,1,1,06/05/2013
MCI,53.6,1,3,WBA,46.4,0,0,07/05/2013
WIG,53.3,2,0,SWA,46.7,3,3,07/05/2013
CHE,44.1,2,1,TOT,55.9,2,1,08/05/2013
AVL,43.2,1,0,CHE,56.8,2,3,11/05/2013
EVE,64.7,2,3,WHU,35.3,0,0,12/05/2013
FUL,48.4,1,0,LIV,51.6,3,3,12/05/2013
MUN,52.1,2,3,SWA,47.9,1,0,12/05/2013
NOR,48.1,4,3,WBA,51.9,0,0,12/05/2013
QPR,56.2,1,0,NEW,43.8,2,3,12/05/2013
STK,32.7,1,0,TOT,67.3,2,3,12/05/2013
SUN,36,1,1,SOU,64,1,1,12/05/2013
ARS,47.5,4,3,WIG,52.5,1,0,14/05/2013
RDG,38.7,0,0,MCI,61.3,2,3,14/05/2013
CHE,43.5,2,3,EVE,56.5,1,0,19/05/2013
LIV,66.4,1,3,QPR,33.6,0,0,19/05/2013
MCI,60.3,2,0,NOR,39.7,3,3,19/05/2013
NEW,50.7,0,0,ARS,49.3,1,3,19/05/2013
SOU,63,1,1,STK,37,1,1,19/05/2013
SWA,63,0,0,FUL,37,3,3,19/05/2013
TOT,63,1,3,SUN,37,0,0,19/05/2013
WBA,35.4,5,1,MUN,64.6,5,1,19/05/2013
WHU,48.4,4,3,RDG,51.6,2,0,19/05/2013
WIG,54,2,1,AVL,46,2,1,19/05/2013
ARS,63.8,1,0,AVL,36.2,3,3,17/08/2013
LIV,55.3,1,3,STK,44.7,0,0,17/08/2013
NOR,33,2,1,EVE,67,2,1,17/08/2013
SUN,57.8,0,0,FUL,42.2,1,3,17/08/2013
SWA,53.7,1,0,MUN,46.3,4,3,17/08/2013
WBA,53.7,0,0,SOU,46.3,1,3,17/08/2013
WHU,43.6,2,3,CAR,56.4,0,0,17/08/2013
CHE,51.4,2,3,HUL,48.6,0,0,18/08/2013
CRY,41.8,0,0,TOT,58.2,1,3,18/08/2013
MCI,63.5,4,3,NEW,36.5,0,0,19/08/2013
CHE,69.2,2,3,AVL,30.8,1,0,21/08/2013
AVL,47.4,0,0,LIV,52.6,1,3,24/08/2013
EVE,62.3,0,1,WBA,37.7,0,1,24/08/2013
FUL,62.3,1,0,ARS,37.7,3,3,24/08/2013
HUL,62.3,1,3,NOR,37.7,0,0,24/08/2013
NEW,62.3,0,1,WHU,37.7,0,1,24/08/2013
SOU,66.6,1,1,SUN,33.4,1,1,24/08/2013
STK,49.6,2,3,CRY,50.4,1,0,24/08/2013
CAR,30,3,3,MCI,70,2,0,25/08/2013
TOT,47.6,1,3,SWA,52.4,0,0,25/08/2013
MUN,55.2,0,1,CHE,44.8,0,1,26/08/2013
CAR,37,0,1,EVE,63,0,1,31/08/2013
CRY,50,3,3,SUN,50,1,0,31/08/2013
MCI,58.2,2,3,HUL,41.8,0,0,31/08/2013
NEW,53.8,1,3,FUL,46.2,0,0,31/08/2013
NOR,42.2,1,3,SOU,57.8,0,0,31/08/2013
WHU,44.9,0,0,STK,55.1,1,3,31/08/2013
ARS,43.4,1,3,TOT,56.6,0,0,01/09/2013
LIV,43,1,3,MUN,57,0,0,01/09/2013
WBA,42,0,0,SWA,58,2,3,01/09/2013
AVL,54.7,1,0,NEW,45.3,2,3,14/09/2013
EVE,54.7,1,3,CHE,45.3,0,0,14/09/2013
FUL,56.6,1,1,WBA,43.4,1,1,14/09/2013
HUL,46,1,1,CAR,54,1,1,14/09/2013
MUN,60.4,2,3,CRY,39.6,0,0,14/09/2013
STK,42.1,0,1,MCI,57.9,0,1,14/09/2013
SUN,30.6,1,0,ARS,69.4,3,3,14/09/2013
TOT,69,2,3,NOR,31,0,0,14/09/2013
SOU,58.7,0,1,WHU,41.3,0,1,15/09/2013
SWA,58.9,2,1,LIV,41.1,2,1,16/09/2013
CHE,64.4,2,3,FUL,35.6,0,0,21/09/2013
LIV,55.2,0,0,SOU,44.8,1,3,21/09/2013
NEW,61.3,2,0,HUL,38.7,3,3,21/09/2013
NOR,64.2,0,0,AVL,35.8,1,3,21/09/2013
WBA,54.1,3,3,SUN,45.9,0,0,21/09/2013
WHU,37.7,2,0,EVE,62.3,3,3,21/09/2013
ARS,50.4,3,3,STK,49.6,1,0,22/09/2013
CAR,36.3,0,0,TOT,63.7,1,3,22/09/2013
CRY,43.4,0,0,SWA,56.6,2,3,22/09/2013
MCI,41.6,4,3,MUN,58.4,1,0,22/09/2013
AVL,41.6,3,3,MCI,58.4,2,0,22/09/2013
FUL,48.6,1,0,CAR,51.4,2,3,28/09/2013
HUL,41.1,1,3,WHU,58.9,0,0,28/09/2013
MUN,59.1,1,0,WBA,40.9,2,3,28/09/2013
SOU,60.8,2,3,CRY,39.2,0,0,28/09/2013
SWA,58.5,1,0,ARS,41.5,2,3,28/09/2013
TOT,53.5,1,1,CHE,46.5,1,1,28/09/2013
STK,55.8,0,0,NOR,44.2,1,3,29/09/2013
SUN,46.3,1,0,LIV,53.7,3,3,29/09/2013
EVE,49.9,3,3,NEW,50.1,2,0,30/09/2013
CAR,57.3,1,0,NEW,42.7,2,3,05/10/2013

